transaction_amount,merchant_category,time_delta_seconds,device_risk_score,location_cluster,tx_frequency_24h,avg_amount_7d,is_new_merchant,hour_of_day,is_fraud
9063.85,2,677.0,1.0,2,7,1134.32,0,0,0
15231.04,1,799.0,0.0,6,0,1508.48,0,7,0
10178.39,5,12.0,0.2279,0,8,7397.55,0,9,0
7419.65,1,182.0,0.8001,4,0,829.57,0,12,0
10189.08,15,238.0,0.0,5,0,5179.17,1,2,1
3295.39,1,361.0,0.8964,6,11,1209.89,0,7,0
12807.71,1,609.0,0.5119,10,4,12929.0,0,9,0
3516.66,10,324.0,0.121,3,6,1545.41,0,6,0
2776.41,4,775.0,0.0,9,0,10809.82,0,0,0
10423.92,1,23.0,0.8849,0,9,723.51,0,5,0
263.9,20,823.0,1.0,4,9,12110.04,0,23,1
6743.5,1,657.0,0.8376,2,7,1866.42,0,17,0
2194.38,6,491.0,0.6362,1,1,11303.56,1,20,0
9076.51,9,608.0,0.2035,4,9,1496.2,0,14,0
4329.73,11,152.0,1.0,6,0,8385.17,0,22,1
15660.97,2,187.0,0.0393,1,0,421.94,1,0,0
3499.48,7,100.0,0.031,0,5,8684.56,1,11,0
9057.96,6,211.0,0.2544,3,5,984.32,0,9,0
13093.87,1,397.0,0.1795,9,0,5244.54,0,8,0
12891.45,3,333.0,0.4682,10,5,12707.86,1,13,0
18114.68,5,360.0,0.3294,6,1,2685.57,0,20,0
14969.4,11,407.0,0.4308,0,9,8362.74,0,23,0
6507.87,1,436.0,0.5768,8,0,4916.17,0,15,1
5265.44,3,401.0,0.0,6,3,2493.95,0,0,0
8357.52,13,592.0,0.1457,0,0,6472.3,0,14,0
10586.34,2,301.0,0.726,10,8,15302.17,0,12,0
7467.7,1,556.0,0.7315,4,10,1047.56,0,1,0
12740.07,1,388.0,0.2007,10,7,10823.35,0,8,0
9202.41,14,1119.0,1.0,0,6,1319.11,0,0,0
12216.22,1,501.0,0.3708,3,8,1933.29,1,15,1
9887.14,6,39.0,0.4396,2,9,3727.24,0,10,0
14226.06,1,532.0,0.0,10,3,7568.46,0,3,0
13861.7,6,1052.0,0.0,10,12,10619.36,1,14,0
9855.04,2,189.0,0.0598,1,9,4999.21,0,6,0
6639.56,1,121.0,0.4001,4,10,1835.38,0,0,0
11570.4,1,24.0,0.7062,4,0,10590.75,0,0,0
1792.03,9,495.0,0.0,5,3,6578.04,0,1,0
9008.08,7,354.0,0.1065,0,0,9765.31,0,18,0
15303.48,1,124.0,0.5231,10,2,6429.78,0,14,0
7956.29,17,377.0,0.091,6,0,9592.98,1,4,1
9860.21,4,136.0,0.1897,0,0,211.84,0,0,0
3694.82,1,443.0,1.0,3,0,1373.28,0,15,0
15213.53,1,1140.0,0.1574,0,0,1109.92,0,13,0
9035.78,2,251.0,0.9483,3,3,2978.26,0,7,0
2190.38,4,301.0,0.2832,1,0,144.02,0,3,0
726.06,1,49.0,0.5806,5,0,4023.76,1,20,0
5632.09,1,56.0,1.0,5,10,7352.59,0,23,0
9021.69,8,507.0,0.0,6,6,2619.08,0,9,0
20851.51,1,559.0,0.694,10,6,6289.0,0,23,0
2581.73,6,371.0,0.5272,0,1,5540.96,0,17,0
1325.78,1,264.0,1.0,8,11,925.58,1,23,0
27.74,12,140.0,0.3748,6,0,7630.36,0,5,0
7757.46,1,436.0,0.46,6,9,5949.65,1,15,0
18124.59,1,688.0,0.0,10,1,7862.32,1,11,0
13355.61,7,665.0,0.0,2,0,4313.85,0,12,0
17837.88,1,117.0,0.3828,8,3,1302.57,0,12,0
5638.35,2,399.0,0.791,0,0,4025.14,0,7,1
6374.98,10,620.0,0.9659,2,3,2152.08,0,8,0
4545.09,9,464.0,1.0,0,6,6087.49,0,18,1
13896.76,8,1021.0,0.0,1,1,4801.77,0,13,0
4832.49,1,551.0,0.0,5,1,7107.9,0,0,0
5127.45,1,58.0,1.0,1,0,4404.79,0,17,0
9681.42,15,357.0,0.0,0,11,10403.76,0,0,0
20917.47,1,656.0,0.0301,10,2,5584.78,1,18,0
13355.7,1,266.0,1.0,7,4,929.76,0,14,0
7299.69,5,306.0,0.2333,7,8,6212.38,0,6,1
8140.1,8,227.0,0.3197,5,8,2730.39,0,0,1
4867.43,4,927.0,0.7304,1,3,6144.02,0,4,0
5152.33,19,194.0,0.5788,6,0,7826.76,0,3,1
9765.05,9,1.0,1.0,9,18,13080.61,0,10,0
7347.92,1,848.0,0.2159,0,9,1068.85,0,8,1
7649.06,9,152.0,0.8117,0,0,3874.91,0,12,0
10150.06,13,999.0,0.0,2,0,2155.16,0,14,0
9180.37,1,225.0,0.2028,6,2,3637.62,0,0,1
3882.77,6,64.0,0.2829,6,6,4488.07,0,2,0
8302.26,9,162.0,0.0,1,1,49.79,1,0,0
3456.2,5,153.0,0.4075,1,0,310.42,0,3,0
12053.66,5,591.0,1.0,0,0,731.01,0,2,0
534.2,20,775.0,0.9337,5,3,7204.76,0,0,1
6703.35,1,93.0,0.0,0,7,3192.28,0,0,0
7715.56,9,700.0,0.7251,4,0,2302.16,0,0,0
3640.18,20,472.0,1.0,4,3,8132.02,0,7,1
15216.46,12,44.0,0.0,5,8,1730.61,0,4,1
18093.71,1,754.0,0.0,6,0,2577.14,0,6,0
9643.55,1,423.0,0.6574,7,3,8443.23,0,0,0
3538.17,5,874.0,0.9088,4,1,881.66,0,1,0
927.38,10,250.0,0.9131,0,0,7022.18,0,19,0
459.85,9,218.0,0.5595,1,10,4413.65,0,2,0
9399.03,9,516.0,0.0,0,6,4627.96,0,0,0
716.76,1,969.0,0.0,0,5,8121.13,1,12,0
4368.16,9,454.0,0.6415,3,0,1652.98,0,0,0
4507.68,1,341.0,0.9089,7,10,5083.88,0,4,0
6717.72,6,680.0,0.0,4,0,2595.64,0,5,0
928.75,4,181.0,0.0,0,0,5254.65,0,4,0
1302.12,15,890.0,0.9755,0,7,596.66,0,0,0
8312.09,10,446.0,0.4738,1,9,1659.32,0,14,0
3335.32,1,193.0,0.5234,3,15,2555.78,0,13,0
5998.88,1,343.0,0.4107,8,2,10222.69,0,2,0
3209.45,13,788.0,0.0,0,12,5919.86,0,3,0
920.46,15,192.0,0.3456,4,7,5059.91,0,6,0
14097.63,12,363.0,0.2628,0,2,5624.07,0,0,0
10925.26,14,1028.0,0.0,7,9,4549.57,1,18,0
10399.74,5,614.0,0.3495,9,2,8465.97,0,12,0
2241.6,5,231.0,0.5119,5,14,1213.82,1,11,0
4790.8,8,406.0,0.0,8,0,7268.23,1,0,1
21043.77,1,41.0,0.8999,2,0,3315.95,0,3,0
3951.56,1,280.0,0.5638,5,5,4071.21,1,23,0
11142.99,10,807.0,0.0,2,0,1761.66,0,16,0
1751.35,4,165.0,0.8858,0,0,6469.73,0,21,0
2101.3,2,236.0,0.3714,3,0,6230.13,0,11,0
2894.03,7,537.0,0.0216,0,0,1968.67,0,0,0
9518.3,1,1.0,0.9795,10,21,2660.71,1,12,0
6926.25,3,56.0,0.1259,3,4,4830.97,0,9,0
13345.81,20,316.0,0.3329,0,6,6943.71,0,1,0
4351.81,14,202.0,0.0291,6,9,6754.22,1,2,1
300.44,12,209.0,0.3584,0,0,834.1,0,0,0
19256.79,1,569.0,0.6657,4,0,2159.63,1,0,0
10264.56,5,661.0,0.8427,3,0,3413.05,0,0,0
11855.84,16,207.0,0.215,4,1,470.3,0,3,1
13338.88,8,251.0,0.9973,0,0,3109.83,0,0,0
9160.99,1,202.0,0.3069,3,1,3137.96,1,6,0
9710.07,1,1114.0,1.0,4,2,734.35,0,11,0
13120.94,16,505.0,0.5911,2,14,2403.77,0,4,1
4026.15,6,133.0,0.178,3,0,449.56,0,1,0
1269.89,15,564.0,0.4889,6,0,10694.15,0,10,0
7802.55,1,525.0,0.0,10,7,13073.5,0,0,0
7211.56,2,44.0,0.5048,2,3,542.99,0,4,0
10360.36,2,242.0,1.0,2,11,2834.69,0,9,0
2712.94,8,15.0,0.7439,2,11,1792.69,0,13,1
4930.92,11,372.0,0.4941,2,0,1943.43,0,10,0
10894.47,14,116.0,0.0,6,1,187.5,1,0,1
19411.66,3,877.0,0.0903,10,1,5172.43,0,20,0
11778.58,2,380.0,0.0,9,0,4294.96,0,8,0
3221.76,6,383.0,0.2264,5,3,5590.23,0,3,0
7694.72,19,1228.0,0.0,3,12,1393.57,1,13,1
6105.1,3,369.0,0.0,1,5,3053.6,0,0,0
5126.5,16,636.0,0.2149,5,12,4288.36,0,15,0
310.5,1,66.0,1.0,1,2,2732.61,0,22,0
9858.77,14,884.0,1.0,0,5,3287.37,0,0,0
6304.53,20,1178.0,1.0,3,0,15403.49,0,12,1
4932.77,12,450.0,1.0,0,2,1504.29,0,1,0
10055.7,3,679.0,0.0,8,1,7113.99,0,7,0
7276.69,1,34.0,0.4837,10,5,13302.88,0,2,0
1851.94,1,784.0,0.9833,6,1,312.14,0,7,0
5446.16,11,267.0,0.3621,0,3,7318.82,0,6,0
9131.81,1,204.0,0.2417,6,0,3368.79,0,16,0
367.11,6,300.0,0.6538,3,6,3335.9,0,0,0
4664.21,1,389.0,0.8178,8,2,2424.58,1,9,0
6300.91,2,363.0,0.6831,2,4,7148.67,0,0,0
8034.31,1,333.0,0.9744,3,8,723.17,0,8,0
223.72,8,37.0,0.4207,3,6,4175.33,0,0,0
19011.21,5,500.0,0.6653,9,6,3131.22,0,23,0
6725.19,18,665.0,0.4451,6,10,2252.51,0,2,1
5312.53,4,277.0,0.1894,8,1,14592.28,0,0,0
656.74,8,251.0,1.0,6,2,8838.15,0,6,0
5244.15,9,51.0,0.5354,5,0,2399.42,0,9,0
10542.2,9,238.0,0.0,7,0,2427.03,1,0,1
3018.62,5,6.0,0.5128,1,0,4274.88,0,0,0
17897.84,16,94.0,0.0,3,8,5419.79,0,0,1
5291.25,9,426.0,0.364,3,0,2872.94,0,7,0
4976.09,11,564.0,0.3421,4,5,4702.76,0,12,0
3016.89,5,202.0,0.2665,3,4,169.98,0,8,0
7498.54,4,159.0,1.0,1,5,23.75,0,12,0
9104.93,1,897.0,0.0,4,6,2056.34,0,0,0
1669.08,1,276.0,1.0,2,3,3972.12,0,15,0
8138.34,5,40.0,0.3823,0,0,5014.91,0,6,0
843.17,1,824.0,1.0,2,9,2029.55,0,7,0
16152.77,1,216.0,0.3932,2,5,5151.44,0,0,0
12727.77,8,53.0,0.2955,0,1,1035.62,0,0,0
532.95,6,487.0,0.0,2,3,3326.43,1,4,0
14343.62,8,384.0,0.0,4,8,881.41,0,0,1
3785.19,1,430.0,0.8741,8,2,7769.83,0,1,0
2520.28,7,98.0,0.4337,1,5,5786.04,0,12,0
9638.78,1,715.0,1.0,2,3,3683.56,0,0,0
8600.71,14,697.0,0.0,6,0,2339.63,1,16,0
13965.78,2,379.0,0.1413,4,0,2967.03,0,12,0
6368.0,15,90.0,0.2025,0,10,7914.75,0,4,0
8140.44,5,877.0,0.0,10,1,12922.38,1,8,0
7268.79,9,405.0,0.0472,5,13,1627.46,0,9,0
18494.57,1,323.0,0.8489,0,11,175.22,0,0,0
8241.11,7,200.0,0.3148,1,9,3006.37,0,3,0
2480.47,13,189.0,0.9019,7,0,8955.67,0,7,1
12461.22,13,157.0,0.1846,0,2,5351.66,0,0,0
1179.77,1,110.0,0.2389,7,5,4088.43,0,0,0
8006.2,7,528.0,0.3496,8,0,8228.29,0,11,0
6421.63,17,380.0,1.0,0,0,3712.14,0,11,0
10564.67,1,775.0,1.0,8,0,6078.38,0,5,0
5668.89,4,605.0,0.0,6,0,5831.89,0,1,0
330.29,12,420.0,0.0,1,2,996.18,0,0,0
4825.34,16,235.0,0.7627,0,5,5363.97,0,11,0
2481.87,6,468.0,0.5469,0,5,1702.1,0,6,0
7996.5,1,443.0,0.6025,4,0,2473.58,0,12,0
6873.61,6,283.0,0.3676,7,6,6916.37,0,7,0
3604.02,11,891.0,0.8246,0,9,5124.82,0,0,0
12047.1,2,333.0,0.681,1,7,2916.42,0,6,0
11450.71,1,310.0,0.0,5,3,1848.65,0,4,0
5097.02,5,279.0,0.2511,5,0,4088.41,0,4,0
8084.0,2,241.0,0.6375,6,9,6998.76,0,7,0
516.97,4,269.0,0.4624,0,0,5955.41,0,12,0
2046.62,6,32.0,0.6008,5,3,8425.66,0,0,0
10125.82,1,174.0,0.0,8,0,3086.56,0,2,0
14818.58,20,191.0,0.0,0,14,15703.42,0,10,0
14208.51,3,422.0,0.3285,10,6,5717.79,0,14,0
13637.17,1,378.0,1.0,7,5,9684.84,0,0,0
16123.4,1,1209.0,0.0,10,8,10724.42,1,11,0
17868.63,5,597.0,0.3384,8,2,2704.84,0,21,0
3620.18,12,98.0,0.8349,0,10,2933.34,0,10,0
12555.41,3,798.0,0.0,10,5,9672.11,1,11,0
5368.41,20,473.0,0.9528,0,0,7188.23,0,13,0
3459.86,1,756.0,0.4271,1,0,1559.0,0,16,0
9502.47,7,1.0,0.5129,7,15,5701.84,0,9,0
13716.19,16,236.0,0.6965,0,2,930.91,0,0,0
9565.31,1,1.0,0.0,10,16,3555.63,1,6,0
20439.84,6,223.0,0.4171,7,0,3227.84,0,23,0
12515.16,1,261.0,0.7448,10,1,14253.76,0,12,0
710.45,6,55.0,0.7866,8,0,12589.31,0,1,0
6012.12,4,86.0,0.5452,8,0,7961.65,0,6,0
614.61,2,710.0,1.0,3,8,2948.88,0,0,0
14669.9,3,481.0,0.0,5,0,3295.75,0,11,0
1941.21,5,82.0,0.0,3,6,616.4,0,0,0
3784.59,2,167.0,0.5802,9,1,10917.9,0,3,0
4275.11,8,363.0,0.5539,0,2,8338.49,0,13,0
16699.83,1,610.0,1.0,5,2,4917.7,0,1,0
10370.79,10,517.0,0.3225,1,4,3501.96,0,16,0
13913.58,1,1626.0,0.0,8,5,3757.93,1,6,0
1494.64,11,126.0,0.3382,0,0,1167.24,0,0,0
1060.17,20,939.0,1.0,5,7,8276.97,0,8,1
101.09,11,459.0,1.0,0,3,5675.43,0,16,0
5936.11,11,672.0,0.0,6,0,5493.57,0,9,0
4231.35,7,39.0,0.9881,7,4,7611.01,0,11,0
3978.53,2,520.0,0.0,5,1,4321.69,0,0,0
802.4,10,639.0,0.696,2,12,2150.01,0,5,0
1146.51,10,467.0,0.4837,2,0,2692.67,0,3,0
3660.85,1,151.0,0.7078,10,8,20757.99,0,0,0
3117.22,6,72.0,0.0,6,10,2782.77,1,0,1
2680.12,8,128.0,0.7016,6,0,7234.33,0,8,0
12918.83,1,37.0,0.394,5,0,557.89,1,4,0
4034.11,1,262.0,0.0,2,7,3196.17,0,1,0
8135.09,17,219.0,0.0173,5,0,3317.73,0,0,1
8841.35,1,364.0,0.7212,4,0,2312.42,0,0,0
2208.68,1,220.0,1.0,4,8,1832.47,0,22,0
14421.73,15,123.0,0.0,3,2,2417.1,0,0,1
12703.0,1,717.0,0.0,10,0,8899.64,0,4,0
11147.04,1,628.0,0.0,2,5,1042.5,0,2,0
21799.25,2,1302.0,0.0,10,3,7141.31,1,21,0
2073.85,13,471.0,0.5413,0,1,4185.92,0,2,0
9686.74,9,172.0,0.7135,4,1,1338.17,0,8,1
9662.27,1,1.0,1.0,8,21,3172.6,1,4,0
1130.06,1,367.0,1.0,3,11,720.15,0,14,0
8733.15,17,71.0,0.4542,3,14,4308.17,0,0,1
4349.81,20,186.0,0.0,0,5,5483.2,0,0,0
10353.94,19,833.0,0.0,1,5,1954.0,1,9,0
15933.26,18,147.0,0.0,2,4,3956.21,0,0,1
15252.67,3,709.0,0.0295,9,2,5725.74,0,12,0
3380.41,10,537.0,0.6633,0,4,4962.31,0,14,1
9896.48,20,1521.0,0.0,4,8,4897.41,0,23,1
7369.27,19,240.0,0.6462,0,6,2480.38,0,8,0
788.61,8,308.0,0.4084,5,5,7484.83,0,1,0
10470.94,18,206.0,0.0,5,0,539.12,1,0,1
10353.45,11,460.0,0.1675,3,3,2238.45,0,15,0
109.74,2,214.0,0.2427,10,3,18523.09,1,0,0
1302.01,10,148.0,0.3002,1,0,585.05,0,3,0
4274.26,4,233.0,0.5064,5,0,6112.22,0,3,0
1426.66,1,74.0,0.0,3,10,3634.15,0,0,0
1713.09,15,470.0,0.0,0,0,360.99,0,0,0
12529.1,1,344.0,0.0695,6,7,582.21,0,6,0
673.02,10,864.0,1.0,1,7,2832.89,0,11,0
6149.9,8,114.0,0.0707,0,4,3055.14,0,0,0
18864.9,12,311.0,0.0,0,5,4590.08,1,0,1
14402.17,1,535.0,0.0,9,0,4406.99,0,3,0
444.99,4,190.0,0.3671,3,3,3861.7,0,16,0
8268.41,10,408.0,0.5696,6,4,5542.92,0,15,0
14029.11,1,239.0,0.8704,10,5,8493.33,0,15,0
6868.2,16,291.0,0.7273,0,1,9783.41,0,18,0
17141.05,1,814.0,0.0,10,0,7355.74,0,12,0
7099.07,1,566.0,0.0,6,0,4386.32,0,0,1
10110.6,10,35.0,0.6229,0,0,60.95,0,0,0
2266.81,3,97.0,0.2424,3,0,2612.39,0,0,0
15219.69,1,694.0,0.0,6,0,1013.22,0,1,1
5168.94,9,587.0,0.617,0,0,3066.98,0,2,0
4584.04,12,153.0,1.0,0,0,175.23,0,16,0
9520.74,14,1.0,1.0,0,16,857.73,0,0,0
148.19,7,27.0,0.4434,6,12,6999.47,0,1,0
10962.08,5,524.0,0.3493,3,0,1012.85,1,0,0
2477.03,5,429.0,0.2808,9,4,11442.53,0,2,0
1944.94,12,385.0,0.2441,0,5,4046.35,0,9,0
12747.54,1,217.0,0.5309,8,4,4284.29,0,1,0
11995.96,1,358.0,1.0,10,5,8912.39,0,11,0
7417.88,8,211.0,0.5451,7,0,11697.85,0,0,0
2227.19,13,577.0,0.0564,1,5,1395.59,0,0,0
12576.87,1,181.0,0.5634,10,0,7259.68,0,8,0
2542.09,13,120.0,0.9248,6,7,11380.77,0,7,0
3367.88,8,408.0,0.1135,7,0,6918.28,0,4,0
3372.13,5,533.0,0.3253,10,1,14323.31,0,3,0
2099.9,9,330.0,0.386,6,3,6479.94,0,7,0
522.02,20,510.0,1.0,0,8,8041.36,0,8,0
4471.93,13,633.0,0.0,4,3,1876.87,1,7,0
9974.95,13,1.0,0.0,0,23,6371.81,0,14,0
9571.83,1,721.0,0.0,6,4,3584.62,0,0,0
5786.76,18,514.0,0.3936,1,0,569.52,0,17,1
7222.09,1,298.0,1.0,4,9,2376.64,0,23,0
12635.75,1,476.0,0.3664,10,4,10274.29,0,12,0
14239.86,1,304.0,0.0,5,2,2678.87,0,0,1
5688.58,16,640.0,0.0,0,4,5809.32,0,0,0
3006.47,9,40.0,0.915,0,0,1315.7,0,11,0
230.38,16,505.0,0.0,4,0,3216.14,1,8,1
6326.41,6,343.0,1.0,5,0,2611.2,0,11,0
3342.18,3,78.0,0.6933,0,0,238.37,0,0,0
7878.25,3,689.0,0.0,4,2,2375.17,0,3,0
4279.65,16,211.0,0.3542,0,0,1572.33,0,0,0
1029.72,14,431.0,0.4473,0,1,1762.06,0,9,0
6166.6,7,36.0,0.5677,3,6,3600.23,0,15,0
6755.26,1,220.0,0.0815,6,0,4857.95,0,0,0
2974.0,17,577.0,1.0,3,0,8117.77,0,19,1
642.36,5,443.0,0.0,0,9,4476.11,0,0,0
13387.1,1,93.0,0.4918,6,3,939.69,0,10,0
2251.33,18,1131.0,0.0,2,5,1117.25,1,15,1
6880.1,13,35.0,0.1629,0,1,2134.69,0,2,0
13096.29,4,192.0,0.7566,4,0,694.74,0,14,0
7588.78,3,590.0,0.0466,3,1,2397.42,0,4,0
12137.28,1,788.0,0.7192,6,2,3307.29,1,0,0
352.32,13,464.0,0.0,7,2,8934.45,1,2,1
10058.13,1,608.0,0.0,10,4,10568.15,0,3,0
6244.53,10,677.0,0.0,2,0,8900.7,0,0,0
9933.27,1,1.0,0.0,2,22,3373.6,0,0,0
11175.8,20,850.0,0.0,3,2,3403.44,1,10,1
13313.38,20,45.0,0.5473,0,0,2538.48,0,0,0
7142.46,1,374.0,1.0,4,7,2474.38,0,11,0
5298.73,7,631.0,0.0,0,6,3126.59,0,0,0
4546.86,18,790.0,0.287,7,2,10313.83,0,13,1
65.08,16,498.0,0.7105,0,6,6429.79,0,5,0
9818.76,18,459.0,0.0,5,0,335.38,1,0,1
15088.67,7,604.0,0.0,4,5,1061.34,1,0,1
16128.63,5,1031.0,0.0,1,6,7683.07,0,11,0
196.63,3,168.0,0.0513,5,0,7281.28,0,0,0
9538.94,1,189.0,0.9806,10,1,12835.87,0,5,0
8344.0,6,992.0,0.9513,1,7,3096.76,0,1,0
8087.73,20,1269.0,0.0,5,4,8931.47,1,15,1
2327.75,20,416.0,0.4938,6,3,10538.73,0,9,1
2594.47,9,444.0,0.2108,7,0,8760.1,0,5,0
257.82,9,325.0,0.3493,0,5,4209.57,0,1,0
5948.34,8,98.0,0.4816,5,0,2272.03,0,10,0
7099.21,6,351.0,0.6279,9,9,9777.73,0,11,0
5063.32,5,417.0,0.0529,4,0,2813.83,0,3,0
11054.99,3,31.0,0.9597,10,13,10815.16,0,17,0
6440.45,1,288.0,0.117,3,10,2544.23,1,0,0
5708.81,11,248.0,0.7927,0,0,3877.72,0,0,0
5099.62,7,668.0,0.0,1,1,577.44,0,2,0
1918.05,12,69.0,0.606,6,3,6331.23,0,8,0
13915.87,2,473.0,0.0,3,0,3173.86,0,8,0
12278.5,1,357.0,0.2593,10,6,9936.32,0,5,0
3111.15,15,330.0,0.6727,7,0,7074.11,0,5,1
2521.09,9,223.0,0.0,8,3,8651.07,1,0,1
5748.43,3,643.0,1.0,3,2,4195.96,0,4,1
6660.49,8,891.0,0.1387,5,7,2384.17,0,0,0
8460.46,14,342.0,0.3729,0,0,2329.95,0,0,0
113.15,5,334.0,0.728,3,0,1379.23,0,9,0
3305.5,10,550.0,0.258,7,1,9068.24,0,6,0
6657.01,3,337.0,0.1434,6,6,4924.73,0,2,0
6772.0,6,260.0,0.0,1,1,4747.14,0,0,0
13494.37,18,135.0,0.0,4,0,1778.39,1,0,1
9759.37,12,1.0,0.4664,0,15,7543.95,0,9,0
2758.05,15,194.0,0.612,0,4,7720.07,0,12,0
5028.71,13,802.0,0.0,6,2,4776.29,1,8,1
12790.99,12,515.0,0.3243,1,0,4819.15,0,21,0
5149.42,5,245.0,0.6255,2,0,1659.98,0,7,0
17265.91,1,607.0,0.0913,10,10,12196.48,1,13,0
9587.44,13,433.0,0.6878,10,0,9221.91,0,20,0
9634.61,1,1.0,0.3702,7,22,1545.57,0,2,0
14059.13,1,367.0,0.4894,0,0,1183.74,0,7,0
12686.57,17,189.0,0.0,2,0,1401.21,1,3,1
1404.3,1,318.0,0.5772,4,5,517.52,0,13,0
16000.14,1,1184.0,1.0,8,1,3636.54,0,2,0
9075.89,10,479.0,0.9255,0,2,7108.34,0,23,0
4900.3,20,523.0,0.0,0,10,10762.23,0,1,1
14926.22,1,744.0,0.6658,7,0,3830.29,1,0,0
12048.18,1,393.0,0.0,10,1,8526.1,0,3,0
21799.42,1,942.0,0.8312,5,6,6327.62,0,0,0
3898.38,1,618.0,0.9099,7,0,3381.72,0,4,0
9461.69,12,147.0,0.7405,4,0,100.43,0,19,0
6808.91,5,69.0,0.411,1,0,1688.93,0,3,0
2018.32,6,302.0,1.0,0,0,4148.54,0,14,0
3935.01,2,44.0,0.0,5,19,7471.52,1,4,0
9736.84,4,1.0,0.0,6,16,7999.51,0,0,0
5671.36,12,410.0,0.0,4,4,2235.76,1,1,1
9791.57,13,473.0,0.0016,2,5,4421.57,0,14,0
19456.64,1,411.0,0.3369,10,6,4616.66,0,16,0
5809.92,8,736.0,0.0,7,0,6297.99,1,6,0
11464.46,1,612.0,0.2775,10,1,10060.11,0,9,0
449.45,10,656.0,0.0,0,9,2636.19,0,0,0
2149.59,8,291.0,0.2783,4,0,7821.79,0,0,0
9973.35,1,417.0,0.8381,3,7,862.11,0,7,0
13503.76,15,169.0,0.0,3,0,883.74,0,0,1
12253.38,8,309.0,0.125,9,0,10102.57,0,1,1
2150.21,9,730.0,0.0,1,0,1861.91,0,0,0
9478.26,6,7.0,0.7515,4,4,64.68,0,14,0
8629.02,1,218.0,0.4975,4,2,2485.46,0,8,0
2865.84,12,5.0,0.8645,4,0,3671.12,0,12,0
21165.57,17,353.0,0.0,2,9,392.07,1,0,1
9065.33,10,299.0,0.0,1,11,7267.49,0,6,0
14072.58,3,551.0,0.5208,8,0,5132.5,0,16,0
12145.04,2,350.0,0.3926,9,0,6372.69,0,12,0
14431.76,3,388.0,0.8831,1,4,908.42,0,5,0
17959.33,1,923.0,0.0,9,0,4002.82,0,12,0
15108.81,2,254.0,0.3297,6,4,843.41,0,14,0
12265.82,1,173.0,0.9465,10,3,12369.42,0,10,0
9963.08,1,532.0,0.7708,6,0,2662.55,0,0,0
1134.19,11,200.0,0.4109,6,1,6137.68,0,7,0
6962.03,3,506.0,0.0,0,8,2912.29,0,0,0
14372.68,2,455.0,0.0,3,0,4961.47,0,11,0
11911.73,17,544.0,0.0,3,2,3055.52,1,8,1
821.32,1,71.0,0.0,7,0,514.01,1,2,0
388.05,11,339.0,0.0,2,9,1122.8,0,0,0
3326.99,10,37.0,0.8784,1,0,5100.67,0,3,0
5613.69,3,606.0,0.6323,1,3,5946.95,0,7,0
15785.24,1,321.0,0.611,5,0,5739.33,0,0,0
10224.69,20,571.0,0.0,3,6,1075.5,0,0,1
3015.88,1,864.0,0.6254,7,0,287.99,1,1,0
11474.29,1,125.0,0.3769,2,0,2660.77,0,7,0
6185.76,1,985.0,1.0,6,4,3833.82,0,3,0
9098.76,8,218.0,0.4227,0,0,3484.11,0,8,0
9440.78,2,414.0,1.0,1,0,2054.44,0,10,0
15140.85,2,153.0,0.5485,7,9,605.95,0,15,0
6667.79,4,261.0,0.2143,9,3,7358.76,0,6,0
17447.14,1,902.0,0.0012,10,4,8175.26,1,17,0
7514.78,10,34.0,0.9154,3,1,684.76,0,15,0
253.48,14,52.0,0.5867,0,3,1874.02,0,6,0
15893.79,1,855.0,0.0,9,0,3879.8,0,10,0
15654.57,1,563.0,1.0,10,7,9593.62,0,13,0
3171.87,6,327.0,0.0,3,12,1995.5,1,0,1
12429.09,5,1166.0,0.0,9,1,5190.66,1,7,0
1258.71,2,76.0,0.362,7,0,9019.93,0,0,0
3185.39,3,117.0,0.7957,2,5,2955.4,0,16,0
10488.13,1,124.0,0.5539,8,4,4867.72,0,8,0
9227.81,7,400.0,0.8348,0,0,2466.21,0,0,0
3369.07,18,29.0,0.0,0,2,6864.2,0,2,0
3048.03,9,201.0,0.2381,0,6,9514.42,0,12,0
10889.47,20,692.0,0.248,2,7,1812.85,0,0,1
1452.82,17,344.0,0.5288,5,5,7696.57,0,10,1
2229.61,15,936.0,0.0,0,13,4091.48,0,6,0
1505.93,11,56.0,0.4483,0,0,3614.86,0,8,0
13247.77,1,438.0,0.2391,7,5,4016.47,0,8,0
8888.37,16,621.0,0.3737,5,0,258.89,0,3,1
3467.94,20,785.0,1.0,4,11,14757.6,0,6,1
11156.47,3,243.0,0.6729,10,1,9678.23,0,12,0
12661.97,2,67.0,0.6843,1,0,5039.66,0,0,0
6667.81,1,670.0,0.6699,3,5,126.77,0,0,0
7265.74,6,622.0,0.7047,2,0,2052.27,0,4,0
7933.98,1,711.0,0.9979,4,4,542.5,0,6,0
9314.31,1,209.0,0.3614,6,4,3545.07,0,4,0
803.64,12,64.0,0.5021,0,4,2933.99,0,5,1
24615.21,20,1449.0,0.0,1,14,2880.2,1,15,1
21743.31,1,699.0,0.0,2,0,10659.29,0,11,0
5550.99,8,128.0,0.2884,1,0,3278.65,0,3,0
15105.2,1,840.0,0.0,10,0,7766.23,0,9,0
16431.39,1,1054.0,0.0,10,4,5146.49,0,9,0
2698.91,1,44.0,0.1222,4,10,3370.74,0,0,0
18376.03,1,140.0,0.3279,8,15,1230.46,0,10,0
1295.03,4,870.0,1.0,4,0,2652.69,0,8,0
2656.83,16,61.0,0.6665,0,1,5909.45,0,13,0
21002.22,1,1037.0,0.0,10,11,6749.57,0,18,0
6154.99,10,373.0,0.5793,0,1,8406.91,0,15,0
304.21,1,44.0,0.1675,10,0,12160.86,0,0,0
12074.46,4,303.0,0.7922,10,0,8298.38,0,18,0
2560.07,11,263.0,0.6622,1,8,1283.4,0,6,0
10456.17,19,141.0,0.4372,4,0,3112.17,0,6,1
2194.95,10,263.0,1.0,6,0,8719.11,0,16,1
9944.96,16,464.0,0.1932,5,1,126.19,0,2,1
3917.42,7,365.0,0.0661,7,11,6484.18,1,0,1
324.88,11,160.0,0.7488,7,1,10310.59,0,8,0
12365.19,5,56.0,0.1614,2,0,299.06,1,1,0
4150.56,9,223.0,0.4325,5,8,3882.39,0,1,1
12355.07,5,378.0,0.1463,5,1,8149.66,1,13,0
9519.71,1,505.0,0.0,7,5,4187.16,0,4,0
13600.23,20,10.0,0.9675,0,0,6620.99,0,3,0
9738.18,8,1106.0,0.0,8,0,5998.82,1,11,1
9694.29,4,576.0,0.2036,8,4,6713.88,0,11,0
700.34,7,441.0,0.0327,0,7,1332.64,0,0,0
9753.11,11,1.0,0.3509,6,24,8390.1,0,2,1
7163.99,16,850.0,0.0,2,0,2721.2,1,11,1
3665.83,6,99.0,0.4271,1,18,4055.79,0,10,0
3903.25,3,1049.0,1.0,3,3,1755.08,0,3,0
7638.85,8,210.0,0.0,8,0,4442.88,1,0,1
7995.08,1,983.0,1.0,4,0,1079.33,0,5,0
5816.62,12,1187.0,0.0,0,12,992.02,0,4,0
2734.66,13,250.0,0.295,4,6,2952.76,0,7,1
4450.73,4,176.0,0.1615,2,3,210.26,0,1,0
26306.11,1,418.0,0.7062,10,8,6866.76,0,23,0
2855.95,12,245.0,0.1871,5,3,5045.96,0,4,1
1393.02,7,297.0,0.6876,1,0,2613.78,0,8,0
11305.66,1,559.0,0.5537,9,11,5323.91,1,0,0
19278.3,5,96.0,1.0,10,0,6364.73,0,23,0
3670.6,5,120.0,0.1187,8,0,12055.74,0,0,0
996.62,7,716.0,1.0,2,3,1287.16,0,15,0
5940.09,14,68.0,0.2895,0,14,6349.2,0,9,0
2322.26,20,786.0,1.0,4,6,8628.22,0,11,1
7742.28,20,260.0,0.7516,0,8,6950.76,0,1,0
12091.99,17,808.0,0.0,7,4,11320.77,1,5,1
3783.86,14,461.0,1.0,4,2,8178.45,0,23,1
12359.8,6,473.0,0.2904,8,9,4871.92,0,14,0
3814.72,7,338.0,0.0,6,2,5737.67,0,0,0
3988.53,3,563.0,0.0709,5,5,6709.07,0,0,0
9313.58,20,932.0,0.0,1,0,89.67,1,14,1
14588.47,6,765.0,0.302,10,0,11410.75,1,18,0
11309.43,1,460.0,0.1597,5,4,2225.58,0,5,0
15160.14,6,526.0,0.5993,10,0,8758.45,0,21,0
7326.31,10,85.0,0.4917,2,3,1419.36,0,10,0
4241.42,1,611.0,0.0,3,4,5299.19,1,10,1
7020.95,1,816.0,0.0,4,3,2419.8,0,0,0
795.24,9,546.0,0.5805,2,9,601.93,0,0,0
5860.94,1,196.0,0.478,3,4,2209.78,0,7,0
5507.15,8,724.0,0.5949,10,9,14215.76,0,13,0
5972.44,17,222.0,0.4225,0,14,1073.13,0,8,0
1102.22,20,1168.0,0.1903,6,16,11285.02,1,17,1
5548.29,15,78.0,0.234,0,0,4841.3,0,9,0
6815.82,10,170.0,0.0,9,6,6044.3,1,4,1
4541.3,6,12.0,0.6535,4,3,2939.69,0,8,0
7438.84,5,1368.0,0.0,5,9,5279.82,0,1,0
16124.95,1,180.0,0.5547,10,0,15325.41,1,15,0
3141.15,20,856.0,0.4917,6,0,11760.18,1,17,1
18222.37,20,10.0,0.0,0,6,6309.25,0,0,0
5010.65,7,190.0,0.5243,0,4,5819.95,0,4,0
15573.37,17,13.0,0.0,3,1,3176.43,1,0,1
535.88,1,1116.0,1.0,3,6,82.78,0,8,0
10058.41,1,597.0,0.0,9,6,7319.01,0,0,0
2642.71,3,329.0,0.627,3,0,38.17,0,3,0
5284.25,9,157.0,0.8705,5,0,9898.34,0,0,0
3621.04,1,94.0,0.7249,6,0,77.58,1,15,0
4473.31,6,670.0,0.5939,2,0,4170.09,0,3,0
7662.96,10,147.0,0.5846,7,0,3719.22,0,15,0
4545.75,12,535.0,0.0,0,7,3144.86,0,6,0
14261.46,20,690.0,0.0,3,8,3705.65,1,9,1
5474.14,7,903.0,0.9702,1,10,1221.52,0,0,0
3036.95,5,287.0,0.9063,6,6,7220.48,0,3,0
4831.93,11,697.0,0.0013,8,0,14310.17,1,0,0
8156.25,3,680.0,0.0,4,6,1514.39,0,1,0
9545.12,17,350.0,0.1278,0,0,666.75,0,0,0
5690.05,12,87.0,0.0,0,0,4126.19,0,0,0
4860.62,5,440.0,1.0,8,2,7147.75,0,9,0
3608.6,1,877.0,1.0,7,3,3970.45,0,4,0
5933.54,1,65.0,0.4143,5,0,3941.6,0,0,0
5115.09,8,331.0,0.181,7,11,5755.98,0,7,0
15258.96,1,570.0,0.0,6,1,2503.45,0,7,0
10000.36,20,785.0,0.0,5,6,1451.95,1,0,1
6451.36,3,258.0,0.3826,6,0,5225.21,0,6,0
848.7,20,64.0,0.0519,0,0,1148.31,0,0,0
1673.52,16,679.0,0.0327,6,0,7897.08,1,9,1
4747.79,9,131.0,0.6239,5,1,4307.31,0,10,0
10119.82,20,693.0,1.0,5,0,10209.28,0,23,1
5660.24,1,297.0,0.8495,5,7,1131.12,0,9,0
6747.93,1,852.0,0.0,5,0,3621.05,0,0,0
18738.46,1,90.0,0.8064,5,3,8365.17,0,0,0
6206.26,5,65.0,0.6053,7,0,6405.54,0,7,0
5499.36,1,12.0,0.4571,9,0,8937.45,0,2,0
5851.91,5,542.0,0.0,5,0,3058.78,0,3,0
20941.65,1,1051.0,0.0,8,0,515.4,0,14,0
3963.57,15,234.0,0.9739,0,13,7170.75,0,14,0
3261.19,13,531.0,0.1365,0,4,402.38,0,8,0
6028.07,3,523.0,0.1602,0,0,4172.14,0,11,0
6353.22,10,258.0,0.2749,0,1,5692.5,0,0,0
998.61,1,463.0,0.1149,3,0,2009.66,0,8,0
11421.05,13,90.0,0.0,4,0,2696.14,1,0,1
5109.85,4,258.0,1.0,10,5,17073.4,0,10,0
9455.71,1,1208.0,0.7949,7,1,3668.76,1,0,0
1802.39,2,73.0,0.7656,2,4,998.63,0,12,0
3570.18,8,56.0,0.0,2,6,2384.85,0,0,0
18251.63,3,907.0,0.0,7,3,157.2,0,16,0
18476.9,17,19.0,0.2692,5,0,9565.4,1,0,1
5268.39,1,313.0,0.8358,5,9,165.12,0,10,0
8735.8,4,89.0,0.0,4,3,5248.89,0,0,0
1593.08,13,697.0,0.6227,2,4,4762.36,0,0,0
12036.82,2,1043.0,0.0,8,0,3805.93,1,7,0
19110.59,2,1430.0,0.0,8,0,3066.06,0,15,1
513.19,2,256.0,0.504,1,0,1933.76,0,0,0
5559.65,1,18.0,0.0447,6,3,2641.94,0,0,0
733.44,2,137.0,0.5,3,0,277.43,0,2,0
1847.23,3,475.0,0.7066,0,0,7678.6,0,23,0
1412.57,7,443.0,0.3897,0,1,9869.34,0,11,0
15445.18,1,17.0,0.3649,10,1,7971.17,0,5,0
2965.17,9,753.0,0.0,1,0,1615.43,0,2,0
9730.01,20,149.0,0.0,4,1,3595.01,0,0,1
8021.55,14,578.0,0.2147,0,0,8082.36,0,0,0
1174.07,20,784.0,0.816,0,6,8871.23,0,1,0
10884.14,20,1126.0,0.19,2,0,2278.26,0,0,1
1798.49,1,165.0,0.5526,4,0,7726.24,0,0,1
1016.47,12,92.0,0.0,0,0,7378.04,1,2,1
6732.48,1,189.0,0.4395,7,7,7502.78,0,3,0
6187.35,11,43.0,0.0,1,0,107.34,0,0,0
9427.7,3,864.0,0.0,10,0,9668.25,1,5,0
2417.56,5,594.0,0.9312,0,0,7600.05,0,23,0
4230.69,1,647.0,1.0,4,5,3701.06,0,23,0
10963.13,4,242.0,0.6078,5,0,1668.25,0,12,1
5340.58,14,356.0,0.6311,0,4,2766.91,0,0,0
4785.77,1,169.0,0.4645,7,5,9746.61,0,0,0
5665.37,5,180.0,0.6301,1,0,2938.86,0,7,0
6111.19,18,681.0,1.0,3,0,3357.39,0,7,1
2608.21,1,127.0,1.0,3,0,2244.9,0,11,0
10331.65,10,56.0,0.0,7,1,2288.34,0,4,1
1252.02,9,132.0,0.8682,2,7,1977.43,0,6,0
8426.35,1,83.0,1.0,0,5,1994.97,0,9,0
12485.3,6,203.0,0.5693,7,0,2240.22,0,16,0
7150.38,1,416.0,0.19,10,0,11472.2,0,0,0
559.0,20,671.0,1.0,3,0,11282.91,0,13,1
14991.74,18,553.0,1.0,5,2,10869.33,0,20,1
3311.43,12,320.0,0.7465,0,8,1548.58,0,1,0
7251.52,1,182.0,0.5112,8,2,6347.56,0,1,0
1424.67,16,11.0,0.4972,0,8,3113.95,0,6,0
10563.07,9,930.0,0.0,5,8,3370.5,0,14,0
9308.83,9,463.0,0.5011,0,3,2635.32,0,0,0
1666.09,1,726.0,0.5499,1,2,2652.11,0,17,0
3165.43,7,799.0,1.0,0,5,4291.06,0,8,0
9544.34,10,178.0,0.0,3,0,463.92,1,0,1
6035.14,1,719.0,0.8153,7,0,742.29,1,7,0
3633.68,11,310.0,0.0,2,3,2616.49,1,4,1
8611.92,1,311.0,1.0,5,16,1010.38,0,10,0
10038.38,13,102.0,0.6886,5,7,1010.01,0,21,0
2064.3,5,997.0,1.0,2,16,3241.82,0,14,0
20592.54,3,691.0,0.0,9,4,543.89,1,22,0
4478.58,5,598.0,0.8619,1,0,3721.37,0,6,0
11054.35,2,426.0,0.2797,9,6,7462.94,0,8,0
6095.92,19,277.0,0.7843,7,9,13363.97,0,8,1
2061.43,11,100.0,0.8082,0,10,593.22,0,9,0
5176.41,16,387.0,0.4665,2,0,727.86,0,16,0
15127.05,5,381.0,0.0,5,0,3439.57,0,15,0
2026.57,1,504.0,0.6748,3,1,562.25,0,15,0
7527.7,6,272.0,0.6601,10,1,15107.9,1,12,0
9025.77,10,226.0,0.4261,0,3,4059.45,0,7,0
6541.26,2,709.0,0.9186,4,0,2982.44,0,0,0
1208.62,6,27.0,0.4487,1,3,2753.16,0,7,1
12259.48,2,376.0,0.0,2,1,5227.29,0,5,0
21150.2,1,821.0,0.1917,10,10,10562.27,1,21,0
8601.52,1,1079.0,1.0,6,4,1940.95,0,4,0
10119.97,10,184.0,0.0466,7,1,3643.45,0,6,1
12303.28,3,223.0,0.6243,3,6,25.44,0,11,1
633.04,12,206.0,0.0867,6,12,7683.64,1,0,1
3597.01,1,191.0,0.1043,3,3,4685.68,0,11,0
5837.15,11,134.0,0.0,0,20,2599.49,1,0,0
8709.59,6,857.0,0.0,3,7,531.75,0,6,0
6758.03,10,174.0,1.0,5,0,4640.2,0,12,1
332.29,13,582.0,0.4655,0,0,5871.78,0,3,0
8880.6,7,630.0,0.6302,1,7,1451.56,0,0,0
922.09,1,438.0,0.9606,5,12,1303.94,0,7,0
7503.27,1,98.0,1.0,1,15,3885.65,0,23,0
956.15,20,1079.0,1.0,4,2,8690.12,0,17,1
1387.07,3,81.0,0.2587,5,0,6703.01,0,0,0
18931.53,18,140.0,0.0,4,0,4338.72,1,0,1
11107.75,1,226.0,0.0,9,5,5809.43,1,0,0
10792.57,1,178.0,1.0,2,0,3644.43,0,9,0
1582.72,13,229.0,0.0238,4,3,2155.56,1,5,1
732.01,20,450.0,1.0,0,13,5778.35,0,7,0
25146.66,6,585.0,0.2475,9,5,1487.39,0,23,0
9726.92,11,1.0,0.0,0,19,8063.28,1,3,1
11475.8,1,259.0,0.7232,6,11,1283.56,0,13,0
1121.44,19,730.0,0.3917,0,0,5532.51,0,0,0
10256.85,5,118.0,1.0,2,7,1137.74,0,15,0
1876.67,9,401.0,0.7816,3,9,71.36,0,7,0
9251.14,15,91.0,1.0,2,4,1382.73,0,17,1
11531.69,5,523.0,0.2124,10,4,14684.58,1,13,0
11708.41,13,147.0,0.2449,3,0,147.14,0,3,1
6285.78,8,496.0,0.3374,5,1,5096.41,0,9,0
18369.09,1,531.0,0.4515,10,0,13514.68,1,18,0
4811.21,17,670.0,1.0,4,6,4940.6,0,11,1
21510.86,1,1229.0,1.0,7,1,5514.85,1,4,0
16764.68,1,617.0,0.0,10,2,7771.6,1,9,0
8772.8,1,40.0,0.3849,4,9,14.26,0,3,0
6247.95,6,421.0,0.0,0,0,4708.61,0,1,0
1582.82,16,575.0,0.2571,1,0,3600.96,0,6,0
5779.5,15,719.0,1.0,0,0,5127.64,0,7,0
544.44,1,703.0,0.8388,4,6,2811.12,0,8,0
14976.59,1,690.0,0.1218,10,10,11978.72,1,12,0
8923.15,4,859.0,0.0,6,3,5030.09,0,2,0
5617.32,1,1015.0,0.0,3,0,2905.85,0,0,0
12235.54,8,921.0,0.0,5,0,579.2,0,11,0
10295.89,1,254.0,0.6139,1,10,1178.73,0,9,0
1037.96,20,839.0,1.0,5,1,10723.12,0,10,0
27876.11,1,1219.0,0.0,10,0,4638.74,1,22,0
3965.83,7,352.0,0.0,6,7,2787.61,1,1,0
9920.9,18,747.0,0.0,5,4,6457.74,1,10,1
9913.61,16,1.0,0.0,0,22,2605.82,0,0,0
514.5,6,972.0,0.9752,6,2,3627.99,0,0,0
7764.38,8,328.0,1.0,0,5,1738.97,0,11,0
854.79,8,65.0,0.2337,7,1,7969.61,0,0,1
660.31,7,413.0,0.0777,0,4,146.56,0,0,0
6445.09,10,507.0,0.361,3,3,655.79,0,13,0
2050.72,19,722.0,0.1331,0,4,504.62,0,7,0
8342.1,4,440.0,0.0,7,7,4421.47,0,5,0
4986.95,10,625.0,0.0923,3,5,3046.46,0,8,0
10021.3,2,369.0,0.6407,0,4,12283.64,0,23,0
17062.62,1,426.0,0.8619,10,3,8407.26,0,10,0
5440.24,10,1.0,0.0,3,5,300.87,1,0,1
5730.86,1,89.0,0.0,5,0,1654.16,1,0,0
12039.63,1,604.0,0.2751,10,2,14863.78,0,7,0
15657.27,3,335.0,0.4993,2,9,3205.31,0,0,0
1792.2,1,46.0,0.3146,3,11,4667.31,0,9,0
5862.97,9,311.0,0.4343,3,0,6003.95,0,13,0
987.11,8,748.0,1.0,0,1,4809.92,0,9,0
11791.91,20,491.0,0.0,0,0,5199.18,1,5,0
11128.9,2,429.0,1.0,4,12,2087.98,0,7,0
8455.88,18,154.0,0.0,0,12,4373.27,0,0,0
2101.4,8,119.0,0.6935,2,5,2112.39,0,12,0
17744.19,2,348.0,0.3956,1,4,6278.24,0,0,0
6526.38,10,289.0,0.2995,4,6,1327.13,0,11,0
11746.24,1,190.0,1.0,1,8,1114.25,0,21,0
13085.98,1,114.0,0.7653,8,3,3385.94,0,12,0
3331.54,1,547.0,0.9019,6,0,3143.37,0,3,0
3069.51,18,361.0,0.485,0,0,1683.32,0,14,0
5247.93,8,713.0,0.1151,5,1,6324.6,0,7,0
3625.33,4,225.0,0.0,0,0,3323.45,0,0,0
5917.37,1,202.0,1.0,10,3,3780.91,1,23,0
3444.4,9,567.0,0.1864,2,2,1585.14,0,7,0
7270.81,6,81.0,0.7509,10,2,10245.18,0,12,0
7394.95,20,776.0,1.0,1,0,2644.69,0,1,1
11249.09,9,180.0,0.225,2,0,5478.07,0,8,0
5516.53,8,141.0,0.6522,0,8,3410.54,0,8,0
7133.67,15,438.0,0.9105,0,3,5396.01,0,7,0
5102.22,8,978.0,0.0,3,6,350.94,0,1,0
3789.1,9,226.0,0.4476,3,11,2776.14,0,7,0
7413.74,1,295.0,0.6261,4,3,3377.04,0,0,0
7497.34,4,814.0,0.0,7,5,7388.53,0,4,0
4794.98,11,193.0,0.2029,3,12,6917.72,0,0,0
550.81,8,824.0,0.8847,3,3,5686.41,0,12,0
2500.5,3,815.0,0.226,9,5,15691.68,0,0,0
9273.13,5,9.0,0.3548,7,6,1425.81,0,10,0
5173.06,1,67.0,0.4008,4,9,4984.06,0,0,0
7139.27,11,446.0,0.0909,0,0,1616.79,0,0,0
1189.76,7,284.0,0.7886,5,0,6759.19,0,0,0
3389.95,8,444.0,0.4708,4,14,5562.27,1,14,0
10407.95,10,283.0,0.6858,8,4,4686.55,0,19,0
10383.98,15,14.0,0.0848,0,0,6715.23,0,9,0
2925.02,20,429.0,1.0,4,0,9177.45,0,9,1
6185.48,13,151.0,1.0,0,7,3230.01,0,13,0
6268.37,12,128.0,0.8697,0,4,2518.9,0,7,0
23076.69,1,235.0,0.3313,10,7,2128.93,0,19,0
9120.35,5,179.0,0.4396,6,4,3296.62,0,11,0
4426.4,3,405.0,0.0,4,9,990.71,0,0,0
20210.98,1,420.0,0.155,10,4,10315.46,1,17,0
944.95,20,780.0,0.0,0,4,581.25,0,10,0
8480.95,3,584.0,0.0,5,0,2792.67,0,6,0
7166.85,1,230.0,0.6924,3,3,1857.92,0,8,0
7313.66,8,250.0,0.4906,7,5,5785.78,0,11,0
7182.9,1,140.0,0.2756,6,8,1686.44,1,2,0
4031.74,7,982.0,0.0,0,6,3386.5,0,0,0
3184.64,5,567.0,0.0,1,5,1248.93,0,5,0
14159.23,1,1035.0,0.0,7,3,3864.8,0,3,0
10678.74,7,355.0,0.5092,10,5,12415.29,1,16,0
11351.34,1,175.0,0.8323,6,0,2025.36,1,11,0
6944.21,8,126.0,0.4081,6,4,3397.18,0,5,0
11764.45,8,177.0,0.4358,4,1,1467.99,0,9,1
741.06,9,95.0,0.0,3,9,1055.06,0,0,0
7492.86,16,546.0,0.2191,0,5,9328.6,0,16,0
6299.79,7,23.0,0.5865,2,0,1333.93,0,9,0
4391.45,9,634.0,0.7828,1,2,5542.58,0,8,0
15869.45,20,621.0,0.0,0,0,4245.29,0,0,1
529.47,6,379.0,0.387,2,12,5854.85,0,0,0
9726.29,2,429.0,0.0,4,0,783.57,0,2,0
9792.09,17,1.0,0.5643,3,24,5611.19,0,13,1
5586.75,12,108.0,0.1286,3,6,6137.1,0,0,0
10620.29,10,1002.0,0.3782,6,0,962.41,0,0,0
15080.24,1,163.0,1.0,5,0,1551.51,0,18,0
10548.27,11,138.0,0.0,5,5,675.29,0,0,1
4039.94,9,21.0,0.9377,0,9,6892.24,0,14,0
4391.19,10,497.0,0.0,2,6,5089.58,0,0,0
3266.14,6,239.0,0.9212,2,8,755.72,0,7,0
4423.08,15,243.0,0.3066,0,4,7557.89,0,5,0
10177.5,3,956.0,0.0,9,3,6786.31,1,5,0
3163.24,1,322.0,0.6839,3,2,2175.67,0,0,0
4701.58,14,883.0,0.9816,0,0,3511.09,0,2,1
425.53,4,110.0,1.0,10,14,16702.66,0,1,0
672.32,14,299.0,0.1189,0,7,5281.06,0,1,0
193.54,9,690.0,1.0,0,0,353.56,0,5,0
325.48,10,51.0,0.0,0,7,1622.02,0,0,0
6670.47,10,667.0,0.319,3,5,3330.77,0,0,0
201.94,10,481.0,0.0,0,0,741.11,0,0,0
2653.82,14,584.0,0.0,0,6,2620.84,0,0,0
233.7,5,596.0,0.7281,2,6,2852.96,0,5,0
8182.4,20,705.0,0.4474,5,5,3493.47,0,1,1
5985.04,5,206.0,0.4425,3,1,1124.22,0,7,0
12744.88,13,680.0,0.0,0,8,1186.81,0,0,0
588.33,7,632.0,0.001,0,3,5889.4,0,10,0
7262.75,1,345.0,0.3348,8,1,8123.55,0,3,0
3823.13,1,401.0,1.0,2,7,79.25,0,14,0
8516.34,4,288.0,0.5663,0,11,177.25,0,6,0
6076.14,7,199.0,0.6114,3,17,8077.95,0,0,0
5141.55,2,206.0,0.2374,5,6,5262.62,0,0,0
23758.34,1,696.0,0.1623,10,9,9460.9,1,20,0
7374.15,1,14.0,0.7404,3,1,2104.57,0,4,0
4374.22,8,37.0,0.5293,0,0,1050.59,0,0,0
9555.85,9,1.0,0.0,3,15,638.58,0,9,0
2150.51,1,390.0,0.5574,5,0,2387.77,1,10,0
6535.88,1,1388.0,1.0,6,0,3902.75,1,10,0
2741.8,6,689.0,1.0,0,3,1824.82,0,0,0
13050.47,5,72.0,1.0,10,0,10622.38,0,20,0
1797.79,2,138.0,0.9087,3,0,34.84,0,16,1
90.18,12,403.0,0.2778,2,0,136.3,0,0,0
8392.0,1,583.0,0.1528,8,0,1324.37,1,2,0
18719.8,1,976.0,0.0,8,7,1252.84,0,6,0
220.92,12,353.0,0.7324,5,10,8393.86,0,10,0
3263.75,2,1104.0,1.0,3,5,646.04,0,2,0
2952.11,2,28.0,0.2713,4,2,8044.29,0,0,0
5612.04,20,884.0,0.2186,4,9,7895.66,1,16,1
9.46,13,219.0,0.9256,0,8,2092.97,0,7,0
14692.06,1,800.0,0.0,10,5,9191.55,0,8,0
2546.07,11,183.0,0.7625,5,8,7378.93,0,9,0
401.13,18,810.0,1.0,4,0,9287.56,0,15,1
12574.05,1,352.0,0.9525,6,4,3857.79,0,4,0
2861.88,3,418.0,0.703,0,5,6087.23,0,18,0
6400.97,19,333.0,0.4318,7,2,12873.86,1,5,1
2418.32,6,792.0,0.2018,5,0,10228.27,0,2,0
832.2,2,286.0,0.6463,1,18,6491.83,0,22,0
5051.83,1,159.0,0.1754,10,0,12115.26,0,0,0
6021.95,6,219.0,0.4581,6,3,4427.45,0,9,0
10138.32,10,696.0,0.7645,0,10,3714.39,0,2,0
6919.86,9,115.0,1.0,0,2,3479.61,0,17,0
1633.16,11,447.0,1.0,6,0,8906.68,0,20,1
2887.99,11,25.0,0.3865,0,5,4962.45,0,5,0
8389.1,3,346.0,0.4969,10,7,11399.47,0,11,0
1340.18,10,345.0,0.3515,0,5,3768.86,0,12,0
3766.0,6,273.0,0.6815,3,0,2063.9,0,1,0
5914.96,3,48.0,0.5278,2,9,182.2,0,6,0
13693.31,1,32.0,0.7108,10,0,19520.09,0,5,0
1056.64,1,121.0,0.8806,1,1,6133.61,0,16,0
17255.36,15,6.0,0.376,0,0,6592.93,0,0,0
8568.14,10,160.0,0.6269,0,0,1737.68,0,0,0
5242.9,17,105.0,0.0,8,5,6933.37,1,0,1
3585.35,7,64.0,0.6774,2,3,49.01,0,7,1
4107.13,12,245.0,0.5014,6,0,5293.73,0,11,0
7592.97,4,337.0,0.4353,10,12,15796.63,1,10,0
2190.54,11,512.0,0.0,0,4,7116.02,0,1,0
17436.2,18,161.0,0.0465,0,9,9757.85,0,11,0
3505.3,1,698.0,0.8139,6,5,3103.74,0,0,0
2293.27,14,113.0,0.5883,0,1,4932.37,0,3,0
2519.09,1,214.0,1.0,3,3,4087.29,0,18,0
9183.83,6,590.0,0.0,2,7,9847.48,0,0,0
3942.16,7,105.0,0.4231,2,3,4522.37,0,0,0
9910.47,5,651.0,0.0,3,2,1803.73,0,6,0
1420.39,16,699.0,0.0,3,7,2215.39,1,10,1
8519.66,1,549.0,0.8191,10,5,2543.93,1,6,0
4496.62,6,809.0,0.0,0,0,675.07,0,0,0
4480.44,13,698.0,0.0,0,1,3082.2,0,7,0
17996.52,5,254.0,0.7538,8,5,2273.42,0,23,0
16257.65,1,312.0,0.4017,10,0,13862.29,0,6,0
14080.18,1,774.0,0.0,10,11,6859.06,0,7,0
8128.14,3,327.0,1.0,4,0,1905.96,0,15,0
5285.28,1,72.0,0.2686,9,2,8304.95,0,0,0
3363.16,7,361.0,0.3119,8,0,7862.51,0,0,1
8897.31,8,402.0,0.0753,0,2,1421.08,0,0,0
4186.05,6,693.0,0.1143,3,6,2454.33,0,0,0
6425.17,5,824.0,1.0,4,0,3819.38,0,1,0
102.53,1,191.0,1.0,1,0,1329.97,0,19,0
17910.19,11,544.0,0.5195,0,7,3213.49,0,0,0
13231.05,1,222.0,0.8531,9,7,5454.34,0,9,0
8400.35,2,251.0,1.0,10,0,11364.91,0,12,0
4994.15,11,152.0,0.0562,6,2,6232.82,1,0,1
5226.54,16,128.0,0.0425,0,13,10607.17,0,9,0
3199.81,10,843.0,0.0031,3,3,2801.4,1,0,0
1383.58,20,857.0,1.0,3,0,10591.51,0,19,1
4589.65,9,417.0,0.0,0,11,951.85,0,0,0
9967.37,15,1.0,0.0,0,15,3192.63,0,0,0
3763.33,15,72.0,0.1581,0,11,304.13,0,0,0
8338.52,20,899.0,0.1743,2,4,3527.52,1,18,1
762.27,12,449.0,0.0972,0,2,4954.0,0,0,0
2033.09,1,146.0,0.0794,10,8,2753.63,1,7,0
3550.26,20,369.0,0.0,0,0,6024.18,0,2,0
6868.45,3,540.0,1.0,5,10,10362.11,0,0,0
8889.78,5,583.0,1.0,4,0,4761.98,0,8,0
6379.08,5,332.0,0.0,3,2,1299.95,0,2,0
3498.58,10,866.0,0.4621,4,6,586.48,1,0,0
2083.53,11,744.0,0.0,1,11,4314.77,0,0,0
6119.69,3,442.0,0.2184,8,5,8763.8,0,4,0
13303.05,1,48.0,0.4868,8,3,5988.05,1,2,0
14215.32,1,366.0,0.4387,2,5,4686.03,1,5,0
185.63,4,144.0,0.2705,4,7,2902.1,1,7,0
6898.23,2,190.0,1.0,7,3,7225.65,0,8,0
4172.05,3,623.0,0.4863,0,3,564.42,0,10,0
3341.41,1,443.0,0.5701,3,3,8006.54,1,15,0
7589.22,1,430.0,0.5722,8,1,2106.71,1,3,0
7518.32,1,10.0,0.8277,10,1,16081.11,0,5,0
1234.29,1,271.0,0.375,8,7,13176.48,0,0,0
2479.9,3,511.0,0.2738,0,0,2015.53,0,8,0
7912.65,9,845.0,0.0,6,6,3778.02,1,6,0
729.53,8,29.0,0.3085,1,0,772.41,0,0,0
10127.2,19,266.0,0.0,0,7,8852.27,0,10,0
2.58,12,512.0,0.287,2,0,4183.85,0,5,0
10830.0,1,124.0,0.5652,5,0,2084.92,0,8,0
4940.64,9,159.0,0.247,1,10,2705.07,0,7,0
868.04,16,495.0,0.2802,5,8,7331.91,0,8,1
13539.48,3,139.0,0.2682,8,4,1458.76,0,11,0
10491.31,12,5.0,0.0,7,0,376.57,1,0,1
5162.42,1,78.0,0.8847,8,11,2841.99,0,15,0
18790.49,1,222.0,0.4558,10,0,9196.73,1,18,1
8202.57,17,804.0,1.0,0,9,8351.59,0,17,0
6461.13,16,297.0,0.4922,0,0,2968.75,0,1,0
11530.81,4,706.0,0.0,10,5,5650.29,1,10,0
15481.12,3,455.0,0.5329,6,0,3008.31,0,16,0
10973.35,1,182.0,0.0,10,3,4864.96,1,0,0
9837.38,6,991.0,0.0,8,2,6688.74,0,7,0
15406.34,1,387.0,1.0,1,3,1397.42,0,3,0
11090.71,1,163.0,0.6275,2,0,319.03,0,10,0
1896.95,20,798.0,0.551,6,6,11175.07,0,16,1
4896.21,10,379.0,0.1745,3,6,854.93,0,0,0
6541.41,1,997.0,1.0,7,13,4795.27,0,3,0
16306.66,2,333.0,0.4622,7,7,2559.39,0,14,0
3346.93,7,367.0,0.1887,1,5,2198.98,0,0,0
11807.46,1,544.0,0.337,8,2,2477.33,1,0,0
1651.55,1,274.0,0.4266,3,3,4647.1,0,18,0
5844.33,2,129.0,0.743,3,2,2421.33,0,13,1
6455.48,6,944.0,0.9457,2,7,975.35,0,0,0
5647.77,9,317.0,0.5305,0,3,7333.95,0,11,1
3207.61,1,407.0,0.7955,0,0,5920.94,0,21,0
9983.94,4,1.0,0.7737,10,24,15064.47,0,7,0
3633.89,15,700.0,0.0,6,0,8249.64,1,7,1
3054.87,16,46.0,0.0,0,4,8199.9,0,3,0
7400.07,4,380.0,0.1593,8,1,6309.49,0,6,0
11716.53,1,560.0,0.0,2,0,3425.8,0,4,0
6276.53,12,48.0,0.3699,0,2,6459.66,0,10,0
810.67,8,139.0,0.6526,2,2,3200.24,0,13,0
1746.38,4,509.0,0.0,4,0,1848.4,1,0,0
3598.72,1,451.0,0.6803,6,0,2525.15,0,10,0
5670.34,5,181.0,0.0,7,12,3802.61,0,0,1
9832.97,7,21.0,0.75,8,0,1987.7,0,19,1
1247.44,16,275.0,1.0,4,5,10007.64,0,4,1
2957.63,8,290.0,0.2543,2,4,1334.31,0,3,0
11551.83,1,495.0,1.0,7,6,2227.2,0,14,0
12754.32,1,433.0,0.0,10,7,7253.03,0,6,0
8967.72,3,686.0,0.3476,4,4,215.76,1,0,0
3016.03,7,133.0,0.506,3,10,5499.7,0,0,0
9896.36,1,581.0,1.0,7,7,2507.66,1,11,0
3000.41,20,741.0,0.6924,7,2,12541.9,0,17,1
5080.49,4,795.0,0.5718,4,1,2489.22,1,2,0
1866.89,15,261.0,0.4123,0,11,51.28,0,6,0
7815.97,1,253.0,0.5352,9,0,5283.92,0,2,0
3447.92,4,194.0,0.1545,4,5,4159.61,0,0,0
6166.86,20,513.0,0.2897,3,6,5217.74,0,0,1
4933.49,1,405.0,0.2693,7,0,3792.8,0,17,0
691.34,5,570.0,0.886,3,0,2987.82,0,10,0
10604.31,1,155.0,0.1321,5,0,196.93,1,6,0
521.27,20,1706.0,0.1918,6,8,12283.84,1,23,1
8239.09,1,1135.0,0.9784,5,2,2122.82,0,0,0
2048.18,17,651.0,0.8679,0,10,6291.75,0,9,1
5528.63,14,342.0,1.0,5,4,5838.91,0,13,1
15501.13,1,702.0,0.0,10,0,8374.58,1,10,0
520.88,10,532.0,0.2403,3,0,5180.96,0,5,0
8081.19,13,174.0,0.3847,5,12,3079.18,0,3,1
16060.47,1,54.0,1.0,1,1,4688.64,0,6,0
1292.31,1,663.0,0.0,2,5,2528.81,0,9,1
837.37,1,39.0,0.9443,10,0,16401.83,0,0,0
1505.53,15,981.0,0.0,3,3,1086.6,1,11,1
2560.78,18,592.0,1.0,4,0,8360.14,0,15,1
10832.97,2,347.0,0.2495,10,0,7126.5,0,10,0
19615.36,3,1054.0,0.0,8,0,437.29,0,20,0
4354.67,6,215.0,0.2679,2,8,268.44,0,4,0
11950.37,6,407.0,0.6068,10,5,10017.38,0,17,0
11594.38,1,429.0,1.0,4,2,1617.37,0,20,1
9188.6,15,575.0,0.0,7,0,10511.04,1,2,1
8441.04,1,1151.0,0.8754,9,0,3206.61,1,0,0
8727.36,10,1136.0,0.4767,0,6,4744.39,0,0,0
10019.83,1,43.0,0.9277,8,4,8738.0,0,2,0
5057.73,13,16.0,0.7036,6,0,10596.18,0,1,0
9531.12,1,264.0,0.1134,5,0,2010.78,0,3,0
8404.47,10,716.0,1.0,0,0,904.94,0,9,0
4538.73,4,459.0,0.0,7,4,5875.7,0,0,0
9886.76,9,267.0,0.0151,1,3,35.65,0,0,0
10836.58,12,903.0,0.2786,2,1,9294.45,0,5,0
8605.7,1,824.0,0.0,9,0,8819.98,0,1,0
2542.94,2,34.0,0.7996,3,5,8887.15,0,0,1
1103.82,17,543.0,1.0,6,0,8950.62,0,10,1
7247.24,8,108.0,1.0,4,2,12627.87,0,0,0
1690.16,2,391.0,1.0,0,7,4214.99,0,13,0
6106.01,6,481.0,0.0,4,0,199.15,0,2,0
1759.31,11,338.0,0.6029,0,2,7998.7,0,14,0
5176.05,18,460.0,0.7794,6,0,5890.36,0,5,1
926.17,8,257.0,0.0688,1,0,293.61,0,0,0
5430.92,6,103.0,0.3209,2,2,158.72,0,4,0
9680.65,11,370.0,0.9807,5,5,3641.89,0,23,0
2688.76,6,640.0,0.0,2,3,1237.53,0,0,0
3033.0,1,390.0,0.0,0,19,2167.42,0,0,0
2248.6,12,284.0,0.1199,0,9,2259.19,0,0,0
15124.66,11,934.0,1.0,1,3,6217.69,0,0,0
9559.94,6,135.0,0.4999,6,10,2162.44,0,12,0
10823.58,6,290.0,0.9777,0,0,2481.33,0,17,0
2323.8,7,496.0,0.5187,2,0,5156.25,0,8,0
49.22,2,175.0,0.2187,9,17,12443.88,0,0,0
3714.77,4,1.0,0.357,2,3,4903.59,0,11,0
637.32,6,695.0,0.7384,3,1,3314.4,0,6,0
1621.06,10,32.0,0.6241,0,8,2870.72,0,0,0
8616.68,9,422.0,0.0,0,11,5805.42,1,0,1
16537.03,5,327.0,0.3929,3,3,5605.56,0,20,0
9583.35,3,1.0,0.6443,0,15,226.43,0,0,0
8750.78,6,476.0,0.3947,10,0,9975.58,0,11,0
9616.08,8,1230.0,0.0,10,6,13975.83,1,9,0
5977.99,2,192.0,1.0,2,13,91.86,0,15,0
11502.65,13,191.0,0.0,1,0,5420.13,0,3,0
14216.25,1,1032.0,0.0,10,1,8799.28,0,10,0
9006.39,7,552.0,0.1618,8,5,6124.39,0,10,0
521.24,10,217.0,0.3719,0,0,3398.58,0,1,0
7349.19,1,8.0,0.6895,3,9,6624.73,0,0,0
21332.93,1,66.0,0.5094,10,7,16701.65,1,10,0
7665.88,11,329.0,0.3795,7,9,8997.3,0,5,1
7240.46,5,483.0,0.0,2,0,3098.72,0,2,0
8960.88,1,585.0,1.0,5,6,712.45,0,9,0
4504.35,15,458.0,1.0,8,0,15027.22,0,13,1
12896.48,8,773.0,0.2124,10,0,7741.1,0,17,0
847.7,7,259.0,0.7659,2,3,2753.72,0,0,0
556.46,12,70.0,0.4552,0,2,5449.71,0,4,0
6019.7,4,29.0,0.4672,2,2,609.72,0,5,0
11494.19,13,13.0,0.494,0,3,9478.82,0,18,0
8837.13,19,291.0,0.1033,4,7,2744.69,0,0,1
16737.41,1,467.0,0.8252,10,3,10153.59,0,19,0
4249.01,1,155.0,0.4937,6,0,1160.11,0,9,0
6156.03,14,505.0,0.4952,1,0,885.15,0,0,0
6987.29,19,247.0,0.3889,5,0,4831.53,0,1,1
478.58,8,18.0,0.8706,2,11,3998.68,0,6,0
13764.74,5,136.0,0.0,1,2,8.15,1,0,0
18234.24,1,225.0,0.174,7,3,2084.79,0,16,0
622.74,9,461.0,0.694,2,0,201.21,0,1,0
3354.31,11,162.0,0.6024,10,1,11989.84,0,8,0
15082.77,17,160.0,0.0,2,12,3856.21,0,0,1
5099.12,20,380.0,1.0,5,1,8252.52,0,16,1
16522.76,1,1129.0,1.0,4,0,2768.38,0,1,0
2991.03,1,227.0,0.5428,4,4,2743.7,0,6,0
10148.85,11,682.0,0.8675,0,3,4554.57,0,2,0
2785.23,15,604.0,0.1097,0,10,1269.46,0,4,0
11721.53,3,121.0,0.5752,7,0,1625.46,0,11,0
11738.6,15,175.0,0.5086,5,0,1131.45,0,9,1
9201.45,20,659.0,0.0,0,0,9526.01,0,12,0
8636.93,12,649.0,0.4278,0,0,5007.51,0,12,0
6102.65,20,1121.0,1.0,1,0,2342.57,0,15,1
1858.24,9,232.0,0.0,3,0,331.23,0,0,0
6460.73,3,1125.0,1.0,6,0,5282.73,0,0,0
1643.89,1,549.0,0.4128,8,6,656.22,1,1,0
7772.83,15,202.0,0.4405,7,1,4405.46,0,7,1
877.76,3,207.0,0.172,8,0,11305.04,0,0,0
13967.93,1,116.0,0.1404,10,7,4900.94,0,1,0
2753.36,1,147.0,0.6057,5,2,130.69,0,9,0
15186.3,5,447.0,0.7796,10,6,7269.08,0,21,0
1639.51,8,306.0,0.5446,0,0,5468.56,0,3,0
9884.29,7,383.0,0.5649,6,1,3765.51,0,16,0
1151.47,7,88.0,0.3661,4,0,6998.63,0,0,0
2073.71,20,334.0,0.3539,0,7,2855.58,0,0,0
8158.12,5,26.0,0.3114,3,7,3554.1,0,9,0
3102.15,20,817.0,1.0,4,2,6775.58,0,10,1
5179.36,11,66.0,0.4714,0,3,3590.85,0,0,0
14438.66,1,276.0,0.0273,8,3,2146.24,0,4,0
12372.56,1,336.0,1.0,7,0,1938.76,1,15,0
4646.35,12,20.0,0.0028,7,3,8890.59,1,0,1
8174.69,20,319.0,0.3732,0,0,440.69,0,0,0
16453.22,1,478.0,0.4878,10,6,9965.0,0,18,0
4218.54,3,392.0,0.0,3,3,3054.79,0,0,0
14445.15,6,762.0,0.0,9,4,3552.38,1,17,0
9965.47,13,465.0,0.1235,1,0,4112.95,0,15,0
8185.97,4,38.0,0.4977,0,3,4011.13,0,7,0
4923.36,13,1.0,0.3165,8,1,7547.04,1,5,1
2355.13,1,664.0,0.235,5,0,1429.68,0,0,0
19619.11,1,638.0,0.0994,10,9,7673.68,0,14,0
9902.03,5,1.0,0.4109,8,15,4110.54,0,9,1
3366.17,13,523.0,0.0,0,0,1531.72,0,0,0
253.16,20,836.0,1.0,7,7,8930.55,0,11,1
18701.46,1,218.0,0.6471,10,9,4074.31,0,22,0
3277.62,1,999.0,0.7844,9,7,280.05,1,3,0
14781.06,2,950.0,0.0,9,4,6030.92,0,10,0
13764.85,3,784.0,0.0,9,0,5560.86,0,11,0
11880.57,9,1356.0,1.0,2,3,158.91,0,0,0
3249.49,17,285.0,0.4506,0,0,2885.67,0,3,0
2863.03,6,501.0,0.1098,1,6,46.49,0,5,0
1732.37,6,437.0,0.0,0,0,2320.92,0,0,0
573.23,7,135.0,0.6004,2,4,4284.78,0,1,0
7931.77,16,541.0,0.1197,0,4,9132.8,0,15,0
10805.69,1,39.0,0.0,6,7,2368.03,1,0,0
132.96,19,447.0,1.0,6,0,10860.24,0,6,1
13848.01,8,205.0,0.1795,3,3,2364.34,0,9,0
1336.73,10,679.0,1.0,1,4,1625.23,0,7,0
8242.93,6,318.0,0.0,3,0,873.67,0,6,0
16711.13,2,339.0,0.3477,10,1,5541.2,0,17,0
8198.26,1,143.0,0.3689,6,7,3379.21,1,2,0
6124.51,8,1.0,0.4563,1,0,3192.03,0,10,0
10907.38,14,817.0,0.2508,1,1,3101.24,0,21,0
6773.93,6,435.0,0.4005,2,1,2461.37,1,2,0
5391.36,1,137.0,0.5461,3,0,1717.94,0,4,0
2226.96,8,266.0,0.0,1,11,1270.05,0,0,1
6332.46,6,285.0,0.1941,6,0,12537.01,0,0,0
1486.47,10,17.0,1.0,7,0,11317.84,0,10,0
12343.37,4,651.0,0.3134,10,10,10354.45,0,15,0
8184.29,2,396.0,0.0819,4,0,1529.84,0,3,0
2485.2,1,403.0,0.8717,7,11,6165.68,0,2,1
5391.13,18,43.0,0.619,0,3,7072.64,0,11,0
8103.36,7,392.0,0.2733,3,9,864.38,0,9,0
9687.64,1,497.0,0.0,8,0,5713.34,0,0,0
11415.76,16,527.0,1.0,0,6,5297.78,0,10,0
6645.12,9,203.0,0.7822,6,0,4030.12,0,10,1
9624.11,11,1.0,0.6412,0,19,4295.45,0,8,0
920.02,1,417.0,0.7517,4,5,3391.89,0,12,0
7377.89,20,28.0,0.0,0,6,6919.17,0,0,0
2254.15,1,179.0,0.8842,4,0,717.81,0,13,0
3216.27,3,379.0,1.0,1,4,2901.32,0,15,0
2458.48,10,299.0,0.0,0,6,4480.13,0,0,0
640.34,1,595.0,0.8152,10,6,280.96,1,9,0
4596.5,2,39.0,0.9659,3,0,3279.4,0,21,0
9615.41,1,281.0,0.2689,10,2,9978.1,0,2,0
3850.51,8,271.0,0.6124,4,3,5366.22,0,7,0
11619.23,20,678.0,0.6008,0,7,4725.3,0,1,0
26570.55,1,532.0,0.0604,10,10,9651.88,0,14,0
11493.98,1,3.0,0.3998,7,0,3496.43,0,3,0
272.8,6,718.0,0.0,7,4,10898.71,0,0,0
4821.74,1,403.0,0.0,4,4,3070.17,0,0,0
17536.33,1,941.0,0.0,10,0,6692.98,1,14,0
459.78,17,81.0,0.0,0,0,1134.44,0,0,0
9687.72,8,197.0,0.4485,0,3,2458.73,0,0,0
19964.4,20,1335.0,0.0,1,0,1473.85,1,14,1
7549.94,1,271.0,1.0,7,3,5539.33,0,6,0
3889.22,13,462.0,0.2544,0,9,7585.72,0,9,0
14099.24,1,348.0,1.0,2,15,165.06,0,9,0
9316.46,20,843.0,0.0,0,7,9073.29,0,8,0
624.48,2,401.0,0.5734,2,0,2001.51,0,16,0
20749.96,1,102.0,0.0,6,0,4637.07,0,8,0
13098.55,1,187.0,0.726,10,0,12513.53,0,11,0
7286.93,6,328.0,1.0,0,2,6527.08,0,21,0
1916.35,19,468.0,0.7634,0,0,1411.18,0,16,0
1301.59,20,275.0,0.0435,0,4,6584.98,0,0,0
9019.11,8,126.0,0.4113,7,6,3248.05,0,12,1
6352.52,13,368.0,0.0959,1,6,5582.32,0,0,0
10114.98,2,146.0,0.4639,0,9,934.59,0,0,0
938.61,3,938.0,0.5471,5,4,1475.97,0,0,0
3387.55,7,581.0,0.7945,2,2,276.64,0,2,0
10170.63,2,725.0,0.0662,8,0,8586.85,0,6,0
8334.18,2,277.0,0.1424,6,0,3513.03,0,5,0
4398.83,8,75.0,0.7495,5,0,5056.29,0,8,0
4045.31,17,846.0,0.5315,0,3,1117.22,0,0,0
12554.67,7,886.0,0.0,9,10,6374.71,1,14,0
19336.73,1,536.0,1.0,1,8,164.48,0,6,0
18580.68,1,260.0,0.9605,1,0,4058.38,0,6,0
1735.33,13,702.0,0.0,6,6,6428.39,1,8,1
6700.15,1,209.0,0.3575,10,7,11818.9,0,0,0
8968.1,12,341.0,1.0,0,6,6593.65,0,0,0
8932.06,1,57.0,1.0,3,0,985.54,0,16,0
4521.0,2,567.0,0.0,0,3,3353.17,0,0,0
693.64,3,168.0,0.0,1,11,665.06,0,0,0
4901.9,19,50.0,0.0,0,6,5242.28,0,0,0
856.04,13,222.0,0.2997,0,6,2119.3,0,0,0
12147.78,1,765.0,1.0,3,6,3190.52,0,0,0
11778.5,1,477.0,0.0,2,0,2954.65,0,1,0
1115.24,3,205.0,0.594,5,4,5554.56,0,0,0
7774.7,1,401.0,0.966,4,11,1285.99,0,10,0
2031.57,1,338.0,0.082,4,9,1409.91,0,8,0
14599.92,1,425.0,1.0,4,3,5424.75,0,1,0
10553.08,10,261.0,1.0,0,0,1536.92,0,0,0
8546.45,9,502.0,0.2457,0,0,8754.99,0,15,0
4425.1,5,126.0,0.4043,1,0,295.1,0,5,0
12920.1,17,54.0,0.3067,0,3,8946.09,0,11,0
8142.16,3,160.0,0.6671,0,9,2427.41,0,3,0
5158.11,1,638.0,0.5905,8,8,1493.92,1,4,0
9070.98,20,241.0,0.1881,5,2,4376.87,0,0,1
4816.54,12,376.0,0.369,7,13,7027.77,0,12,0
12834.16,1,713.0,0.0,2,0,2652.86,0,4,0
8840.35,1,729.0,0.0,10,10,9284.32,0,1,0
2672.73,4,138.0,0.4926,3,3,3560.44,0,1,0
73.93,4,639.0,0.2532,5,7,259.26,0,0,0
9926.56,12,439.0,0.0576,0,8,5074.57,0,0,0
4353.96,5,16.0,0.1657,1,0,7186.0,0,11,0
8265.36,6,228.0,0.3266,6,0,3817.27,0,8,0
6879.56,13,378.0,0.0621,2,3,7441.41,0,0,0
5306.41,5,136.0,0.9934,9,2,10245.6,0,8,0
5129.08,4,311.0,0.5394,0,0,271.93,0,5,0
7316.28,14,323.0,0.3374,5,0,3072.55,0,1,1
5500.95,7,235.0,0.5572,3,0,3018.59,0,8,0
24951.08,2,990.0,0.0,7,5,4025.09,0,23,0
7378.9,20,463.0,0.3321,0,0,10010.46,0,9,0
14275.15,2,910.0,0.0,9,0,4511.26,0,9,0
2923.49,4,503.0,0.0489,5,6,6459.34,0,0,0
6024.11,6,762.0,0.0,0,0,5559.24,0,0,0
6951.65,8,209.0,0.3311,0,0,269.42,0,0,0
6331.99,1,909.0,0.7983,5,7,1125.85,0,1,0
5707.17,17,526.0,0.0,4,12,4470.2,1,5,1
5648.56,6,635.0,0.0,1,5,106.23,0,3,0
17786.46,1,419.0,1.0,6,4,5241.16,0,6,0
5756.87,9,570.0,0.3097,1,15,7521.96,0,6,0
11392.51,2,280.0,0.8045,1,5,2708.15,0,8,0
2461.16,20,245.0,0.5333,0,10,897.16,0,0,0
9063.8,1,93.0,1.0,1,0,35.69,0,12,0
7708.77,2,436.0,0.4718,7,8,9838.64,0,4,0
3973.16,10,477.0,0.589,0,7,3006.29,0,8,1
6319.9,2,238.0,0.5468,0,3,1223.73,0,5,0
4071.83,1,45.0,1.0,0,4,3019.63,0,22,0
9584.71,13,1.0,0.0,0,19,2436.58,0,0,0
3774.95,3,988.0,1.0,2,0,2536.77,0,10,0
13109.75,1,340.0,0.5633,10,2,10688.09,0,9,0
9140.46,9,572.0,0.339,7,0,4382.62,0,16,0
11774.95,1,585.0,0.0,10,0,7821.08,1,7,0
3673.8,3,166.0,0.5897,1,0,5415.46,0,12,0
16272.17,11,539.0,0.0,5,0,1532.93,1,0,1
2894.57,7,289.0,0.0,1,3,909.78,0,0,0
6490.6,5,31.0,0.8274,8,1,7867.71,0,9,0
1578.66,11,301.0,0.7768,5,1,6015.36,0,3,1
8901.3,7,605.0,0.0305,7,0,5060.34,0,11,0
4621.66,10,518.0,0.0,0,2,1918.16,0,5,0
11432.0,14,482.0,0.0,2,4,3695.63,0,0,0
3953.06,1,956.0,1.0,6,2,1043.87,0,8,0
4273.99,9,480.0,0.0,3,4,7913.31,0,0,0
7714.85,8,583.0,0.0,4,0,1294.11,0,6,0
10361.66,9,257.0,0.2991,1,1,3970.05,0,12,0
11266.85,3,316.0,0.2513,10,0,13695.33,1,10,0
8423.33,5,566.0,0.041,3,8,287.71,0,8,0
11967.82,1,151.0,0.9906,3,10,366.24,0,15,1
11891.36,1,196.0,1.0,1,4,3514.11,0,14,0
1218.32,7,360.0,0.0,5,5,231.82,1,0,1
13422.26,7,1366.0,1.0,0,3,154.14,0,4,0
14219.7,1,343.0,0.2533,10,0,7482.05,0,10,0
3167.38,1,262.0,0.1771,10,0,12557.8,0,0,0
13440.9,1,994.0,0.9428,10,4,9289.93,1,0,0
3436.77,9,418.0,0.0,0,2,6975.42,0,0,0
4064.78,17,100.0,0.523,0,5,5747.57,0,4,0
6900.04,6,232.0,0.0,4,0,4729.66,1,9,0
18316.95,1,203.0,0.66,10,0,9787.47,0,19,0
11986.3,1,398.0,0.8865,7,0,9502.06,0,0,0
4194.37,9,14.0,0.0304,3,10,2812.07,0,5,0
9757.25,1,454.0,1.0,5,4,3968.67,0,3,0
2988.51,12,75.0,0.9005,0,0,2582.5,0,5,0
5315.42,3,221.0,0.2128,2,0,7448.52,0,16,0
7309.15,2,392.0,0.6279,2,0,11093.72,0,21,0
11383.19,11,312.0,0.2423,0,6,182.25,0,0,0
15556.33,9,493.0,0.8863,9,12,4330.22,0,23,0
3664.42,12,828.0,0.8005,0,8,1791.39,0,0,0
8706.97,2,484.0,0.0659,10,0,8453.14,0,7,0
8671.9,12,225.0,0.269,0,15,1768.19,0,1,0
4943.13,20,519.0,0.5909,6,0,5615.14,0,2,1
2696.58,9,844.0,0.5835,3,8,964.63,0,0,0
10020.74,19,5.0,0.3755,0,3,4803.74,0,2,0
2424.01,8,899.0,0.0,4,7,8751.71,0,0,0
14561.77,1,501.0,0.0893,9,10,3752.08,0,11,0
3262.85,2,610.0,0.2615,6,5,4001.73,0,0,1
15600.73,1,449.0,0.0,10,0,6050.66,0,4,0
2225.19,3,69.0,0.0,4,0,2972.07,1,3,0
3281.92,9,455.0,1.0,0,7,1760.27,0,9,0
1349.31,12,159.0,0.3219,0,0,1729.64,0,3,0
9757.28,1,1.0,1.0,4,23,1549.03,0,12,0
4495.2,1,364.0,0.2148,4,5,5385.48,0,0,0
7606.26,7,184.0,0.9399,10,2,12403.6,0,13,0
7613.67,20,917.0,0.3342,0,0,4446.29,0,0,0
8101.51,1,328.0,0.243,1,2,616.72,0,4,0
4887.99,7,660.0,1.0,1,0,3973.8,0,0,0
2170.23,6,183.0,0.0496,5,0,4262.04,0,0,0
783.62,6,90.0,0.6025,8,1,11082.35,0,0,0
7181.93,8,213.0,0.6195,6,9,2685.27,0,8,1
5488.21,3,338.0,1.0,2,0,309.35,0,14,0
2306.77,10,267.0,0.4815,0,2,1485.41,0,0,0
9617.79,1,1.0,0.0,3,22,2619.56,1,11,0
5892.88,4,77.0,1.0,2,12,3852.29,0,23,0
7827.34,1,199.0,0.1683,4,0,1636.91,0,1,0
19629.18,1,165.0,0.5376,10,4,5604.83,0,14,0
14412.38,14,865.0,1.0,0,5,780.07,0,1,0
15162.09,1,168.0,0.0509,7,0,311.99,0,6,0
13154.55,4,498.0,0.0,4,1,3144.48,0,10,0
8743.18,10,404.0,0.286,0,7,4873.82,0,13,0
16032.13,4,11.0,1.0,0,10,3193.99,0,9,0
5123.61,1,820.0,1.0,5,0,3089.66,0,9,0
27547.16,1,638.0,0.0377,10,2,10010.93,1,20,0
7623.85,15,647.0,0.2983,2,0,3911.85,0,0,0
11969.02,1,963.0,1.0,7,3,7855.7,0,0,0
11177.05,1,205.0,0.6631,7,8,4322.28,0,9,0
4825.72,11,479.0,0.0462,0,0,4063.27,0,8,0
1575.22,10,116.0,0.0,0,6,4725.22,0,3,0
2327.88,1,577.0,1.0,4,10,3245.84,0,13,0
11241.45,10,638.0,0.0,4,0,2091.83,0,16,0
1422.01,10,9.0,0.8027,4,7,5855.29,0,6,0
6995.78,6,165.0,0.5564,3,0,5461.52,0,15,0
14512.69,1,816.0,1.0,5,9,6066.44,0,0,0
5347.28,1,289.0,0.842,0,6,1575.73,0,4,0
6071.38,7,739.0,0.8538,0,6,3009.07,0,2,0
8532.08,7,103.0,0.6992,6,5,4252.32,0,13,0
2864.38,12,406.0,0.1785,7,2,6970.29,1,8,0
6883.91,18,532.0,0.0,4,0,5528.14,1,7,1
1730.46,4,496.0,0.4341,10,0,15014.22,0,3,0
14128.77,2,741.0,0.1743,5,0,2130.84,0,12,1
4055.15,3,191.0,0.0,3,0,4637.82,1,10,0
5393.21,1,621.0,0.6043,2,0,792.54,0,14,1
5693.79,8,448.0,0.8412,0,4,1463.59,0,2,0
10127.65,2,888.0,0.0,4,2,116.88,0,5,0
166.87,20,492.0,1.0,6,0,11033.33,0,7,1
13367.0,1,290.0,1.0,10,6,13046.44,0,13,0
14457.52,1,274.0,0.4318,7,6,3366.23,0,10,0
3703.77,20,927.0,0.0717,0,0,4561.63,1,0,0
24144.45,19,197.0,0.0,2,8,8606.74,1,0,1
6198.85,14,411.0,0.8474,0,8,3053.28,0,2,0
19643.22,1,124.0,0.2996,9,0,782.1,0,17,0
9922.58,16,156.0,0.3595,0,0,8728.06,0,9,0
14347.11,12,307.0,0.0,8,3,1140.45,1,0,1
971.64,4,497.0,1.0,0,10,5816.93,0,21,0
636.65,10,709.0,0.5587,2,4,3439.77,0,2,0
1419.29,4,321.0,0.0,0,6,3717.04,0,0,0
3732.93,6,529.0,0.0,0,1,2850.47,0,0,0
7459.35,2,488.0,0.1148,3,4,1376.72,0,10,1
237.15,3,26.0,0.1616,0,7,1733.23,0,0,1
6307.98,8,563.0,0.1001,7,1,6720.97,0,7,0
12306.43,3,626.0,0.0,9,7,4406.81,1,11,1
10378.92,4,454.0,0.0,5,1,472.08,0,5,0
16108.21,9,543.0,0.0,0,4,10664.81,0,20,0
12309.28,1,469.0,1.0,7,7,7717.84,0,9,0
15338.16,7,622.0,0.0896,10,2,4700.16,1,19,0
12516.62,1,1282.0,1.0,10,5,8809.04,0,5,0
16553.8,1,485.0,0.1029,10,8,5795.31,0,11,0
2100.7,1,389.0,0.5053,5,6,1441.83,0,0,0
5229.96,1,293.0,0.6638,8,6,23.33,1,12,0
5096.73,9,672.0,0.3427,1,5,1754.92,0,0,0
7751.76,1,386.0,0.0359,10,5,9341.08,0,0,0
2711.0,5,343.0,0.019,4,6,1440.27,0,0,0
10962.89,14,769.0,1.0,0,0,4450.5,0,13,0
4300.91,15,237.0,0.0771,0,6,3777.81,0,0,0
5483.61,1,739.0,0.8408,4,0,1353.36,0,0,0
5014.69,19,295.0,0.4281,0,4,9058.3,0,13,0
8665.62,9,925.0,0.845,2,6,4837.97,0,4,0
5010.38,1,15.0,1.0,6,4,1274.55,0,23,0
2605.83,20,367.0,0.3581,0,13,5570.12,0,11,0
6249.37,1,493.0,0.1175,10,0,15561.06,0,0,0
8023.16,12,692.0,0.8608,0,9,6674.74,0,10,0
13791.37,5,165.0,0.6572,0,1,12654.8,0,23,0
4459.04,1,550.0,0.0539,3,11,1455.29,0,8,0
10867.2,15,73.0,0.2822,0,6,4075.18,0,4,0
7537.24,9,389.0,0.443,4,0,2559.42,0,12,0
1851.72,4,458.0,0.9115,0,2,3532.17,0,1,0
7579.96,4,122.0,0.6936,2,7,2198.88,0,9,0
8942.98,10,647.0,0.0,4,7,577.96,0,11,0
12471.77,5,330.0,0.0,5,0,884.39,0,3,1
6509.59,12,65.0,0.8795,6,0,8819.13,0,7,1
5548.49,14,897.0,0.0,3,13,709.89,1,6,1
11916.58,1,178.0,1.0,4,0,2707.63,0,8,1
2233.52,10,261.0,0.0321,0,0,7849.12,0,10,0
6391.88,17,190.0,0.1476,4,0,4684.63,1,5,1
1623.71,14,699.0,0.5235,1,2,4049.77,0,3,0
12419.64,17,749.0,1.0,0,9,1756.24,0,0,0
8004.02,13,199.0,0.3408,0,3,6010.04,0,12,0
889.96,6,256.0,0.6458,2,4,96.59,0,5,0
11174.62,4,183.0,0.288,5,2,680.47,0,12,0
8249.19,6,131.0,0.3341,4,0,11543.91,0,0,0
746.9,2,170.0,0.5215,4,0,450.86,0,7,0
4016.17,1,398.0,0.4183,8,0,390.57,1,4,1
11700.8,12,257.0,0.0,2,10,1921.96,1,0,1
16155.84,1,611.0,0.0,10,6,5655.2,0,6,0
899.1,2,519.0,0.9272,2,0,2664.97,0,0,0
4421.19,5,288.0,0.086,0,0,4490.26,0,0,0
1637.66,8,546.0,0.0,0,4,1636.04,0,0,0
2426.34,16,334.0,0.2309,0,4,478.95,0,0,0
14836.44,1,377.0,0.1612,6,0,1862.96,0,0,1
17132.87,16,133.0,0.0,7,0,4392.03,1,0,1
18080.66,1,524.0,0.2885,8,0,3190.65,0,14,0
6164.06,1,91.0,0.0,8,1,7863.21,1,0,0
20012.04,1,101.0,1.0,0,3,3072.57,0,13,0
1041.82,5,188.0,0.2882,1,2,1507.39,0,6,0
7469.49,13,521.0,0.5732,0,0,983.14,0,0,0
17527.19,1,3.0,0.5611,5,12,7989.15,0,0,0
1581.82,14,556.0,1.0,0,0,4525.23,0,23,0
1244.23,8,563.0,0.2802,9,10,13622.14,0,4,0
914.45,8,324.0,1.0,0,1,8541.74,0,19,0
4657.89,1,74.0,0.1717,7,1,710.74,1,9,0
12710.07,2,103.0,0.7655,10,6,7275.0,0,14,0
5806.52,10,196.0,0.7581,6,0,8111.41,0,8,1
2488.05,9,64.0,0.2344,0,3,8597.64,0,0,0
3802.06,5,461.0,0.0826,4,1,5182.08,0,0,0
544.5,2,58.0,0.7471,2,0,1096.21,0,12,0
4271.93,3,382.0,0.1964,8,0,9452.84,0,2,0
9022.9,11,711.0,0.007,6,5,2680.25,1,15,0
1273.32,9,243.0,0.3103,0,0,1727.87,0,4,0
7493.27,8,681.0,0.1635,4,0,3513.19,0,10,0
4937.34,11,169.0,0.3175,4,0,633.07,0,10,0
5321.48,10,964.0,0.3275,0,9,6575.04,0,22,0
1774.12,9,302.0,0.8259,2,5,1277.64,0,6,0
3478.3,1,433.0,0.0473,5,3,1931.79,0,10,0
18126.55,8,935.0,0.0873,10,3,6790.73,1,23,0
5455.99,18,7.0,0.0364,5,5,7253.22,0,0,1
210.74,8,78.0,0.5892,1,1,1545.45,0,2,0
1454.57,6,444.0,0.7755,2,4,252.75,0,1,0
2428.35,5,135.0,0.2229,3,4,1189.69,0,2,0
4669.32,1,300.0,0.4634,6,4,2049.82,0,2,0
1890.34,9,36.0,0.4944,0,10,1206.47,0,0,0
7527.96,1,456.0,0.6674,2,0,2287.51,0,18,0
6741.32,13,232.0,0.2939,0,1,134.26,0,4,0
6700.84,8,55.0,0.0,4,6,1649.88,1,0,1
13701.19,1,484.0,0.0,7,0,1306.23,0,6,0
9340.87,10,747.0,0.0,4,3,1078.55,0,13,0
13455.22,2,664.0,0.8996,1,3,4811.91,0,0,0
6750.07,6,287.0,0.3133,4,1,2344.94,0,6,0
24092.15,1,343.0,0.1057,10,0,680.66,1,23,0
9.23,14,191.0,0.7985,0,0,6723.97,0,10,0
2517.97,1,724.0,0.0,6,5,7120.37,0,0,0
5807.64,12,287.0,0.8388,0,1,5073.47,0,8,0
8590.95,17,341.0,0.5343,4,0,2856.2,0,4,1
20449.28,1,764.0,0.0,10,4,9727.84,0,7,0
10359.88,4,99.0,0.7788,6,11,2340.26,0,11,0
8120.47,10,407.0,0.2938,8,8,5146.32,1,14,0
2731.13,16,124.0,0.4969,0,4,4091.31,0,10,0
5139.58,14,651.0,0.2551,0,3,3196.79,0,0,0
1828.28,10,455.0,0.542,0,0,6982.2,0,6,0
6476.91,14,316.0,0.4506,3,1,2563.92,0,11,1
10669.58,4,572.0,0.0,7,0,4122.26,0,7,0
2225.39,9,271.0,0.5757,9,0,13051.8,0,0,1
2225.89,2,158.0,0.4794,0,4,2867.43,0,6,0
6758.5,11,877.0,0.0,1,4,2728.99,0,7,0
9921.24,6,1.0,0.4918,5,16,845.23,0,10,1
13702.87,1,774.0,0.0,5,3,607.52,0,5,0
2574.63,2,526.0,0.6998,5,1,3723.55,0,0,0
1947.95,18,344.0,0.519,0,0,1207.26,0,2,0
11897.88,1,598.0,0.0,10,0,7588.78,0,0,0
17532.15,1,764.0,0.0,10,1,16089.18,1,9,0
5307.96,3,167.0,0.0,4,4,164.17,0,0,1
4454.19,4,378.0,0.7277,2,0,7743.04,0,18,0
3218.3,1,474.0,0.6564,5,6,65.33,0,3,0
16162.43,1,108.0,0.9802,9,4,3739.6,0,16,0
863.29,4,272.0,0.9431,1,0,4848.37,0,17,0
14790.5,16,333.0,0.0,1,3,777.29,1,3,1
1930.55,4,83.0,0.2309,5,6,6127.85,0,0,0
7274.64,1,22.0,0.0609,2,5,1433.03,0,0,0
14687.51,1,152.0,0.3857,9,1,3193.43,0,11,0
5027.55,17,252.0,0.0,0,8,783.12,0,0,0
4679.0,5,701.0,0.0,1,0,3522.93,1,8,0
9226.66,13,473.0,0.0,0,0,4358.97,0,0,0
16358.26,1,548.0,1.0,5,0,1638.72,0,20,0
8080.42,11,194.0,0.8667,1,3,4459.09,0,16,0
7737.7,1,295.0,0.0,8,2,7105.54,0,0,0
12469.06,7,262.0,1.0,10,13,8811.13,0,22,0
4065.69,2,560.0,0.5074,4,0,1764.44,0,2,0
8623.97,6,61.0,0.8101,9,15,7565.91,0,12,0
651.93,8,295.0,0.3778,8,10,13040.13,0,0,0
6614.57,8,472.0,0.2329,6,0,5634.99,0,8,0
9343.7,11,238.0,0.2655,4,0,1876.72,0,15,0
15186.36,20,466.0,0.6651,0,5,9099.31,0,12,0
12949.98,3,424.0,0.0,8,0,1460.02,1,9,0
24363.75,1,789.0,0.0,10,3,142.25,1,21,0
19477.92,1,547.0,1.0,7,0,9468.22,0,0,0
17180.47,4,619.0,0.0,1,0,8121.4,0,15,0
3188.95,3,52.0,0.5924,0,3,1990.63,0,5,0
8510.94,1,292.0,1.0,5,12,3650.95,0,14,0
4828.03,6,74.0,0.6111,0,2,1996.41,0,4,0
6124.66,16,806.0,0.0,4,10,5250.98,1,10,1
4958.76,5,565.0,0.0,3,0,1590.06,1,0,0
18182.63,1,701.0,0.2799,10,1,10709.82,1,19,0
21643.03,1,705.0,0.0198,10,1,4893.07,0,15,0
11059.28,6,474.0,0.5782,10,0,11054.62,0,15,0
2065.14,1,526.0,0.0,0,0,6700.85,0,9,0
6239.1,8,488.0,0.0,6,2,2767.3,1,5,0
2436.58,1,110.0,0.6522,3,0,3159.72,0,12,0
9399.0,4,314.0,0.5547,7,6,5480.81,0,11,0
11035.81,9,408.0,0.2143,5,9,4090.63,0,7,1
9879.46,1,16.0,0.4671,7,1,5845.18,1,2,0
736.37,2,154.0,0.3907,5,0,5536.09,0,0,0
6084.4,9,947.0,1.0,2,4,1212.81,0,2,0
7379.64,19,113.0,0.1475,6,5,5437.87,0,0,1
1694.76,1,127.0,0.5785,4,0,2397.78,0,8,0
3856.16,12,864.0,0.0,0,0,6142.08,0,5,0
15489.83,1,466.0,1.0,3,1,2618.91,0,8,0
8240.71,1,285.0,0.2019,10,7,9813.85,0,2,0
2341.52,6,198.0,0.2296,8,14,9406.25,0,1,0
1698.66,1,805.0,0.6521,5,0,2842.96,0,3,0
9885.96,14,1.0,0.0,4,18,2333.29,1,9,1
19632.16,1,1126.0,1.0,8,6,6974.68,0,3,0
5615.38,7,766.0,0.2382,9,0,11539.36,0,9,0
9831.24,5,1.0,0.0,8,24,5641.41,1,2,0
10378.47,7,1026.0,0.5918,6,0,5070.16,1,0,0
4169.29,7,63.0,1.0,6,0,8170.52,0,11,0
3342.28,6,440.0,0.7441,0,2,4293.54,0,14,0
8783.16,11,490.0,0.2089,6,5,2757.88,1,16,0
2710.43,15,417.0,1.0,4,0,8572.88,0,12,1
21499.44,1,350.0,0.9091,10,6,14623.93,1,23,0
10039.5,2,164.0,0.3628,3,0,1576.15,0,5,0
6078.74,5,169.0,0.2554,8,3,7483.95,0,4,0
2535.36,1,77.0,0.9034,3,3,159.64,0,14,0
2126.22,4,234.0,1.0,10,2,13923.44,0,4,0
2051.16,8,2.0,0.1002,6,0,5470.92,0,0,1
4981.79,18,236.0,1.0,5,0,8983.0,0,14,1
10123.72,2,809.0,0.0,10,2,14433.75,1,8,0
3504.56,1,54.0,0.5792,6,3,3066.77,1,17,0
3820.42,6,321.0,0.0,4,2,2966.18,0,0,0
2090.54,16,989.0,0.0,5,8,5809.13,1,14,1
2922.49,8,529.0,1.0,1,4,8328.7,0,21,0
19487.1,20,599.0,0.1305,0,3,1927.65,1,13,1
7873.58,5,437.0,0.5144,10,0,10940.29,0,10,0
9668.16,1,1.0,0.5043,7,21,6496.64,0,0,0
9966.0,10,1.0,0.7739,0,19,7014.03,0,17,0
17454.16,6,399.0,0.3224,7,0,572.76,0,22,0
3284.84,20,934.0,1.0,3,2,6817.93,0,0,1
9105.84,17,864.0,0.5783,7,6,11828.96,0,16,1
3180.54,8,252.0,0.1976,1,1,3113.43,0,7,0
10321.35,11,249.0,0.5453,4,3,947.74,0,18,0
934.79,3,118.0,0.4649,8,2,12550.78,0,0,0
5063.93,9,247.0,0.4194,9,4,9044.27,0,9,0
4822.2,1,159.0,0.4631,3,0,5613.92,0,12,0
9519.63,1,1.0,0.0,10,15,8253.08,1,0,0
5898.32,1,111.0,0.6667,10,0,12693.04,0,4,0
2554.16,15,147.0,0.6017,7,7,11274.85,0,6,0
9667.43,1,329.0,0.156,10,0,10079.14,0,0,0
9867.46,11,1.0,0.0,5,24,3130.71,1,0,1
6580.58,2,829.0,0.9021,8,0,9292.37,0,0,1
8586.84,6,517.0,0.0913,8,4,5404.0,0,10,0
1072.31,8,275.0,0.5408,4,2,6882.12,0,3,0
4117.49,8,459.0,0.4985,9,0,11862.6,0,9,0
381.8,17,82.0,0.0,0,2,7660.96,0,1,0
13034.98,1,804.0,0.0,10,0,8895.7,0,10,0
8078.94,3,461.0,0.2873,10,0,12998.01,0,7,0
15326.4,5,718.0,0.0,10,11,3446.92,1,14,0
740.59,17,53.0,0.2058,0,0,604.47,0,0,0
12460.88,1,298.0,0.0,6,0,2005.93,0,4,0
1052.48,10,251.0,0.5109,6,0,10366.34,0,2,0
8961.55,16,555.0,0.0,0,0,1441.32,0,0,0
11913.35,1,303.0,0.2646,8,5,3830.7,0,8,0
5157.02,1,804.0,0.3343,3,0,4661.01,1,0,0
9743.93,10,1.0,0.0,5,18,2918.28,1,9,0
4973.7,1,269.0,1.0,4,8,1193.53,0,22,0
21783.14,1,620.0,0.874,7,0,3253.31,1,2,0
2696.71,16,69.0,0.0,0,6,6394.57,0,1,0
2990.62,9,482.0,0.3942,0,0,711.94,0,5,0
8530.91,16,345.0,0.6586,4,9,2760.29,0,6,1
4261.16,1,1005.0,1.0,3,4,4318.47,0,14,0
6485.67,4,5.0,1.0,7,8,4985.62,0,17,1
954.57,12,135.0,0.0654,0,5,6262.85,0,0,0
6759.8,13,445.0,0.4657,0,8,3803.55,0,0,0
9583.64,5,1.0,0.2493,0,21,1222.76,0,1,0
6929.34,1,98.0,1.0,0,0,1691.4,0,11,0
1067.95,20,323.0,0.5357,0,0,6388.1,0,4,0
5435.12,1,1190.0,0.854,10,0,7999.77,0,0,0
10357.38,11,965.0,0.0,4,2,2407.8,0,15,0
8179.8,1,347.0,0.8043,3,0,2522.74,0,11,0
7220.89,6,630.0,0.8199,3,3,3087.34,0,0,0
7716.02,2,212.0,0.0112,1,0,3937.93,0,2,0
24843.26,1,1014.0,0.0,10,1,12031.73,1,13,0
2444.45,11,209.0,0.0,0,3,6689.14,0,1,0
4353.09,9,280.0,0.6971,2,0,3527.6,0,0,0
2425.08,12,330.0,0.2845,0,7,2586.46,0,8,0
1710.39,17,728.0,0.7523,8,14,6219.76,1,4,1
10236.92,1,118.0,0.4666,6,2,1722.88,0,4,0
5474.03,4,54.0,0.2842,4,1,1610.55,0,8,0
5139.3,10,258.0,0.7176,3,0,2693.67,0,14,0
12977.93,14,33.0,0.0,7,4,495.35,1,0,1
4186.27,11,106.0,0.4523,6,6,6644.81,0,2,1
12591.41,1,84.0,0.8252,10,3,9278.66,0,13,0
10083.98,1,500.0,1.0,10,3,13961.48,0,11,0
9827.71,1,1.0,0.3914,10,18,12085.44,0,4,0
455.15,1,50.0,0.0,5,0,3913.78,1,2,0
4535.7,3,212.0,0.2932,0,5,2060.18,0,0,0
7916.69,19,894.0,0.0,2,1,1409.69,1,11,1
4538.14,5,194.0,0.1183,6,1,211.48,1,4,0
4806.82,14,630.0,1.0,0,8,4092.71,0,3,0
4255.77,14,10.0,0.5496,0,4,278.79,0,0,0
862.48,3,472.0,0.8504,3,3,2960.26,0,11,0
13846.9,14,74.0,0.0,4,13,1920.0,1,0,1
7356.41,1,52.0,0.6355,4,0,1983.71,0,5,0
5272.47,5,54.0,0.3738,7,5,5234.39,0,5,0
18314.23,3,1207.0,0.0,9,13,1997.37,1,16,0
4081.84,15,272.0,0.394,2,8,4677.77,0,4,0
6377.68,20,399.0,0.4585,1,3,1779.19,0,20,0
16743.02,20,474.0,0.2402,3,0,6261.16,1,10,1
13314.38,2,1302.0,0.0,5,3,129.37,0,3,0
2513.82,2,267.0,1.0,0,5,346.53,0,3,0
3930.97,1,256.0,0.1645,4,6,890.67,0,0,0
14297.46,1,527.0,0.0,6,4,194.06,0,6,0
6420.33,20,1150.0,0.2761,7,7,11627.91,0,18,1
12023.71,8,114.0,0.0,2,13,2878.82,1,0,1
11414.49,6,538.0,0.3324,4,0,508.91,0,14,0
8013.75,7,192.0,0.8006,0,0,1968.24,0,8,0
9560.93,1,1.0,0.0,9,17,7984.3,0,0,0
9992.33,1,1.0,1.0,3,20,2101.95,0,23,0
11860.91,1,235.0,0.6849,2,4,2760.2,0,9,0
2814.66,1,318.0,1.0,7,6,4648.14,0,17,0
10137.8,13,87.0,0.7552,0,0,13727.77,0,23,0
7057.81,16,782.0,0.0,0,5,7696.76,0,10,0
15037.66,7,586.0,0.0,3,6,5398.68,0,14,0
8745.32,9,169.0,0.4009,1,0,5095.69,0,0,0
13864.85,8,587.0,0.4967,10,2,8385.03,1,22,0
13326.66,1,410.0,0.1223,8,8,4717.25,0,5,0
15428.22,5,769.0,0.2163,9,1,4390.48,0,20,0
8800.09,15,614.0,0.0,3,0,1071.14,1,5,1
16539.03,1,53.0,0.6141,4,3,2007.63,1,6,0
2023.63,1,447.0,0.7115,3,7,374.82,0,18,1
1556.9,3,151.0,0.3171,4,0,3.18,0,2,0
5074.59,1,195.0,0.4271,6,0,1804.69,0,11,0
16429.0,20,1094.0,0.0,4,13,9465.64,1,15,1
7990.53,10,570.0,0.4076,10,5,10008.91,0,14,0
14998.12,2,339.0,0.5595,10,0,7026.73,0,18,0
10434.22,16,787.0,0.8161,0,6,1460.88,0,0,0
16240.57,4,303.0,0.4626,3,0,3969.28,0,0,0
13671.22,11,273.0,0.2637,5,0,5514.89,1,0,1
2427.01,1,185.0,1.0,4,0,805.87,0,17,0
6981.86,1,292.0,0.8063,5,3,3835.98,0,3,0
8769.88,5,62.0,0.3331,1,3,2449.09,0,0,0
3784.97,9,425.0,0.0,1,0,3161.9,0,0,0
2303.73,11,465.0,1.0,0,0,780.02,0,5,0
3817.84,8,755.0,1.0,0,5,1398.16,0,0,0
12109.65,1,70.0,0.4057,5,2,1437.12,0,8,0
9799.12,1,508.0,0.0,10,4,7577.3,1,1,0
1803.33,3,136.0,0.637,6,2,10671.8,0,0,0
10050.99,5,246.0,0.7049,0,0,2590.1,0,0,0
13872.09,6,142.0,0.4429,8,7,1216.64,0,17,0
10922.05,9,841.0,0.3347,9,6,9114.21,0,17,0
13118.0,9,247.0,0.0,3,14,1980.44,1,0,1
4194.07,1,535.0,0.4613,7,3,3547.0,0,0,0
20887.67,4,1332.0,0.0,10,6,13408.34,1,23,0
10342.73,2,455.0,0.2496,10,4,10203.37,0,8,0
2503.27,1,346.0,0.2162,6,0,2133.42,1,0,0
25408.5,5,1423.0,0.0,10,0,846.82,1,23,0
2371.74,1,142.0,0.4539,2,3,6711.75,0,18,0
10630.35,5,473.0,0.2788,10,9,8233.43,1,15,0
9679.27,7,184.0,0.9667,10,2,13475.27,0,18,0
14917.78,5,98.0,0.5095,4,2,4404.58,0,18,0
7549.5,2,433.0,0.7145,2,0,729.97,0,2,0
815.1,3,668.0,0.4442,7,0,3985.91,0,0,0
14367.02,1,501.0,0.1438,9,13,7060.53,0,4,0
8422.56,20,441.0,0.8339,3,4,3492.19,0,5,0
5722.96,20,1154.0,0.0,3,8,1817.37,0,20,1
3855.77,10,164.0,0.1765,0,0,345.52,0,0,0
8545.67,2,364.0,0.1378,5,5,2023.0,0,5,0
4261.53,2,688.0,0.9003,3,5,3431.78,0,8,0
9028.52,10,1.0,0.4812,6,0,3439.44,0,8,1
1900.74,9,1049.0,0.0862,9,4,15536.69,0,5,1
13104.06,7,220.0,0.4751,1,3,2996.63,0,0,1
6754.01,2,240.0,0.3932,6,0,5951.16,0,3,0
8298.9,5,110.0,1.0,10,5,13335.51,0,13,0
4878.38,11,163.0,0.2036,0,2,3469.55,0,0,0
1008.62,8,541.0,0.0,0,1,6943.5,0,0,0
905.08,5,227.0,0.5406,7,11,10944.3,0,2,0
93.18,7,116.0,1.0,7,3,10784.99,0,17,1
7993.64,1,750.0,1.0,6,0,4464.55,0,7,0
11987.7,1,111.0,0.655,1,6,555.58,0,8,0
3707.73,6,52.0,0.6851,3,6,3374.96,0,4,0
5804.33,1,390.0,0.0,7,14,7172.95,0,0,0
14006.32,18,216.0,0.5278,0,0,7731.26,0,13,0
9715.01,14,1.0,0.2591,6,20,7334.35,0,10,1
319.33,17,332.0,0.1068,0,0,3993.88,0,0,0
9602.71,1,1.0,0.6979,5,22,1372.48,0,7,0
1686.12,16,750.0,0.847,0,1,20.26,0,0,0
7331.3,20,1079.0,0.0,6,0,9025.68,1,13,1
12691.87,12,61.0,0.0,4,7,391.54,0,0,1
12054.0,16,396.0,0.5138,0,11,7595.61,0,0,0
6143.78,8,363.0,0.8953,0,0,2088.45,0,6,0
6896.37,17,801.0,0.3462,0,5,1752.35,0,0,0
1366.09,5,51.0,0.0,3,2,778.34,0,0,1
218.39,12,215.0,0.2728,1,17,1523.59,0,2,0
1245.02,1,439.0,0.1309,8,7,11936.86,0,0,0
2939.36,8,274.0,1.0,9,0,10575.31,0,13,0
16986.0,1,757.0,0.0,8,5,1392.51,0,8,0
9707.24,7,455.0,0.3944,7,10,6039.86,0,13,0
6589.04,10,334.0,0.3066,4,0,3478.82,1,0,1
7218.35,18,739.0,1.0,0,0,4453.67,0,4,0
3935.72,6,485.0,0.0,4,2,3482.92,0,0,0
7989.0,15,177.0,0.492,7,0,12821.6,1,2,1
9662.14,14,171.0,0.3576,0,0,1320.46,0,0,0
12115.78,9,504.0,0.0,3,10,11753.78,0,0,0
7411.41,1,461.0,0.444,10,12,12463.58,0,6,0
14240.52,1,501.0,0.0,8,0,893.54,1,5,1
1039.1,9,372.0,1.0,3,0,5269.38,0,6,0
8888.48,10,254.0,0.148,1,6,4127.63,0,10,0
4065.59,10,149.0,1.0,6,0,7542.27,0,13,0
9574.02,8,1.0,0.3394,1,16,6321.97,0,17,0
6668.31,20,763.0,0.3133,3,0,5604.89,1,17,1
12579.65,1,328.0,0.0,6,8,668.58,0,1,0
10925.49,1,82.0,1.0,2,7,1083.45,0,20,0
2332.01,1,915.0,0.8591,5,0,4573.2,1,10,0
7135.36,3,251.0,0.3416,0,0,5268.18,0,8,0
8528.36,6,906.0,0.0,5,10,4939.4,0,7,0
4444.7,3,313.0,0.2225,0,2,2689.66,0,0,0
15171.05,15,528.0,0.7216,1,0,5225.41,0,11,0
8032.87,3,269.0,0.3373,3,0,3681.65,0,4,0
4393.69,9,308.0,0.3941,1,3,3351.47,0,2,0
9020.36,5,813.0,0.0,7,4,6511.67,0,6,0
6261.12,20,394.0,0.1262,5,0,5585.47,0,0,1
6852.81,1,593.0,0.6976,6,1,4918.62,0,0,0
14574.81,5,448.0,0.0308,3,0,4661.87,1,0,0
5520.49,11,704.0,1.0,0,0,3723.76,0,11,0
20856.04,1,889.0,0.0,10,6,4246.08,0,15,0
2043.85,1,117.0,0.5942,3,5,1983.53,0,7,1
6176.52,20,120.0,0.8129,0,8,1520.97,0,2,0
7011.62,2,148.0,0.6836,7,2,4086.05,0,7,0
8125.85,7,826.0,1.0,2,0,2066.51,0,5,0
6524.29,1,324.0,0.8895,3,8,306.25,0,7,0
1398.74,1,81.0,0.0,6,0,876.34,1,0,0
1342.24,2,176.0,0.508,2,4,3300.9,0,8,0
12765.71,1,557.0,0.0518,10,1,10185.38,0,4,0
3463.05,10,267.0,0.6882,0,4,11.16,0,0,0
3842.76,5,204.0,0.4964,8,3,14590.8,0,0,1
8635.09,9,50.0,1.0,5,4,3840.27,0,16,1
7912.47,3,449.0,0.2167,5,3,5381.13,0,3,0
5291.59,1,348.0,0.0,8,0,8822.96,0,0,0
2056.83,1,44.0,0.5139,2,0,5878.53,0,0,0
17631.3,1,936.0,0.0,10,0,8046.72,1,11,0
6221.43,20,673.0,0.4558,0,5,5469.31,0,0,0
2836.4,10,152.0,0.489,0,8,2868.65,0,3,0
1980.63,7,234.0,0.1514,1,0,2951.37,0,7,0
1227.92,1,478.0,0.4923,4,0,453.59,0,0,0
14551.29,1,64.0,0.9992,2,4,5079.08,0,19,0
12915.14,2,666.0,0.8358,5,5,3738.49,0,0,1
14463.76,8,6.0,0.3109,8,5,6853.43,0,1,1
7527.6,4,239.0,0.3519,3,0,1875.93,0,5,0
5185.23,9,491.0,0.2632,5,4,5218.61,0,9,0
1103.37,8,52.0,0.8003,2,0,812.82,0,16,0
1319.7,2,577.0,0.3546,0,9,5605.38,0,12,0
4981.93,10,73.0,0.3471,1,4,397.43,0,3,0
9725.65,8,1.0,0.6074,0,19,4542.27,0,2,0
13458.84,19,394.0,0.0,5,12,2497.35,1,0,1
10662.36,1,303.0,0.6747,4,5,8092.32,0,0,0
10955.88,20,1353.0,0.0,2,0,3812.83,1,19,1
3785.36,3,360.0,0.0,1,9,110.81,0,0,0
9536.67,13,1.0,0.5508,0,16,3556.94,0,12,0
1403.05,20,954.0,1.0,4,5,10448.18,0,16,1
10559.97,3,709.0,0.0,9,3,7569.71,0,9,0
1345.65,19,391.0,0.481,0,2,843.39,0,13,0
7341.32,1,569.0,0.0744,10,6,12506.33,0,1,0
17107.63,1,427.0,1.0,6,0,4495.99,0,10,0
2079.26,19,269.0,0.0,0,0,4526.74,0,0,0
14220.23,4,2.0,0.3304,2,3,1741.7,1,1,0
15181.41,1,886.0,1.0,4,1,1882.18,0,9,0
4215.26,1,507.0,1.0,5,3,6231.35,0,2,0
9419.18,10,720.0,0.3474,2,6,2837.68,0,0,0
7635.77,3,659.0,0.0,5,5,3330.88,0,2,0
11174.28,1,359.0,0.0,9,5,4632.27,0,0,0
10320.26,6,357.0,0.3721,0,5,458.33,0,0,0
1028.95,16,123.0,0.1064,0,8,3181.84,0,0,0
9006.86,4,190.0,0.0807,4,8,311.31,0,0,1
7731.3,1,519.0,0.9314,4,9,6481.02,0,0,0
4651.36,7,432.0,0.0,0,0,3035.18,0,0,0
6222.28,3,3.0,0.2878,4,0,38.78,0,3,0
7064.47,1,95.0,0.6435,7,3,4570.35,0,7,0
1280.43,1,268.0,1.0,3,2,1522.0,0,20,0
6135.39,20,47.0,0.0,0,6,733.51,0,0,0
4506.5,1,183.0,0.6961,6,2,2004.15,0,12,0
13867.36,1,542.0,0.2537,10,2,7074.67,0,13,0
6016.51,1,255.0,0.041,9,3,18482.68,0,0,0
13365.0,1,717.0,0.7003,6,2,75.79,1,2,0
13375.81,3,434.0,0.3082,10,0,11159.7,1,14,0
6606.12,1,863.0,0.0,9,0,8679.16,1,0,0
3744.28,1,1149.0,1.0,4,7,361.22,0,4,0
5316.21,9,114.0,0.4815,0,6,5315.4,0,10,0
2046.79,11,357.0,0.3891,1,6,857.79,0,0,0
12555.51,2,110.0,0.1582,10,2,4267.1,1,10,0
2678.48,2,140.0,0.3731,1,1,5300.3,0,13,0
9981.59,1,1.0,1.0,3,23,3320.83,0,11,0
9687.65,4,415.0,0.0428,5,0,1256.75,0,7,0
68.38,11,362.0,1.0,6,0,10930.33,0,20,0
3808.76,18,472.0,0.5092,7,7,11121.64,0,9,1
1650.62,17,234.0,0.8537,5,0,9696.91,0,1,1
4892.68,9,458.0,0.127,0,0,1814.3,0,6,0
20051.92,1,124.0,0.3207,10,2,6778.08,1,17,0
11971.35,1,75.0,1.0,6,0,3283.52,0,15,0
917.01,6,335.0,0.8499,4,5,5454.74,0,0,0
14160.19,1,949.0,0.0,6,8,351.53,0,8,0
2038.99,5,53.0,0.6223,3,2,3974.08,0,1,0
17567.69,20,340.0,0.0,0,0,11762.09,0,4,0
9726.44,20,1.0,0.688,0,21,14557.21,0,13,0
14118.37,1,136.0,0.3519,6,0,670.37,0,12,0
5922.4,9,260.0,0.0624,3,0,431.48,0,5,0
2804.16,4,93.0,0.3056,2,3,4347.79,0,9,0
463.56,9,762.0,0.8368,2,4,1192.6,0,1,0
9526.4,18,518.0,0.1289,0,6,2294.87,0,0,0
10481.82,12,357.0,0.5008,5,8,210.92,0,8,1
1685.5,13,488.0,0.0,0,5,8483.74,0,1,0
2625.94,13,806.0,0.1859,1,1,2632.27,0,0,0
15708.71,10,1533.0,0.0,7,0,2621.57,1,17,0
765.48,8,67.0,0.3107,2,8,1168.6,0,7,0
19132.43,6,615.0,0.2572,8,6,113.56,0,23,0
7106.96,14,16.0,0.3882,0,3,8210.09,0,10,0
4093.77,15,254.0,0.7355,5,3,11261.22,0,5,0
11907.4,1,909.0,1.0,4,3,4715.21,1,17,0
11264.53,2,1074.0,0.5008,5,2,4294.48,0,0,0
13990.64,6,475.0,0.5501,0,4,1943.18,0,0,0
6531.21,6,79.0,0.4085,3,2,929.72,0,5,0
76.23,15,230.0,1.0,0,7,151.42,0,5,0
9245.86,8,398.0,0.6576,10,0,10670.08,0,16,0
1368.71,17,227.0,0.3308,7,12,9257.39,0,0,1
8086.88,7,23.0,0.0972,3,0,8352.08,0,0,0
3203.54,11,310.0,0.8983,0,2,7751.95,0,16,0
570.54,1,353.0,0.7841,1,0,9089.51,0,23,0
13312.52,15,778.0,0.0,0,9,10091.97,0,15,0
2305.52,2,146.0,0.0868,2,6,419.54,0,0,0
3501.73,20,905.0,0.1294,5,4,7469.73,1,15,1
4623.52,2,135.0,0.6602,2,1,1935.63,0,13,0
15984.99,8,337.0,0.6818,9,0,2742.13,0,23,0
14898.67,1,532.0,0.2372,10,5,11598.49,1,14,0
10424.93,10,780.0,0.494,9,10,9759.82,0,17,0
9887.71,5,562.0,0.6388,0,6,619.76,0,0,0
9992.13,4,267.0,0.5035,0,0,2614.48,0,9,0
8718.74,10,282.0,0.4749,4,3,293.7,0,15,0
8200.96,1,672.0,0.0,4,1,693.82,0,0,0
1653.25,18,527.0,0.2454,0,2,5139.38,0,12,0
4486.68,2,120.0,0.5554,4,1,9319.64,0,0,0
7143.79,1,154.0,0.4262,5,0,389.91,0,5,0
3561.26,4,577.0,0.0,4,0,3530.89,0,0,0
6492.56,1,39.0,0.4156,2,0,3746.15,1,10,0
1510.81,1,741.0,0.609,5,2,346.61,0,0,0
4481.29,10,68.0,0.3506,7,7,8187.76,0,0,1
155.22,11,143.0,0.4505,2,2,2742.04,0,4,0
22502.66,1,589.0,0.4529,10,0,10846.56,1,23,0
5355.42,10,26.0,0.564,6,5,6659.9,0,5,1
3208.61,1,334.0,0.8537,4,0,1649.87,0,12,0
2548.73,16,667.0,0.869,0,2,4475.49,0,6,0
9.3,4,238.0,0.3466,0,0,5156.08,0,10,0
1653.23,10,229.0,0.3178,2,7,510.48,0,7,0
9656.24,1,476.0,0.7794,0,4,2177.13,0,1,0
11658.62,3,44.0,0.583,2,1,1238.47,0,4,0
12094.1,9,828.0,0.0,1,0,3311.33,0,14,0
23648.18,18,736.0,0.0,0,5,7634.36,1,5,1
3409.9,8,50.0,0.112,0,10,7558.48,0,11,0
11775.55,9,1002.0,1.0,0,0,1648.51,0,0,0
1869.38,13,455.0,1.0,4,6,11487.5,0,13,1
6661.63,1,344.0,1.0,1,0,2652.04,0,5,0
9657.76,1,1.0,0.501,7,23,5517.83,0,9,0
22980.31,1,591.0,1.0,0,0,1512.85,0,12,0
3317.81,18,85.0,0.3017,0,0,1317.08,0,0,0
8044.49,4,887.0,0.7342,4,0,921.86,0,0,0
9583.71,16,433.0,0.4274,2,9,557.79,0,0,1
5254.92,1,408.0,0.7218,8,0,6449.17,0,1,0
8439.04,4,240.0,0.5178,8,5,7448.02,0,9,0
10373.28,1,487.0,1.0,4,3,2244.82,0,13,0
20675.66,1,849.0,0.0127,10,7,11517.54,1,15,0
17373.24,16,25.0,0.3729,0,2,2089.18,0,0,0
10218.59,4,375.0,0.3586,5,0,2866.12,0,10,0
8425.91,14,164.0,0.3763,0,3,8707.02,0,13,0
22238.35,1,815.0,0.0421,5,8,4058.47,0,20,0
4239.65,18,966.0,0.0,0,1,4342.14,1,15,1
404.11,5,405.0,0.1211,1,10,4098.93,0,0,0
393.68,9,504.0,0.7778,1,0,342.95,0,2,0
897.38,4,131.0,0.5978,8,3,11986.13,0,1,0
1050.52,15,379.0,0.1268,4,8,3960.32,0,7,1
417.71,17,946.0,0.0397,8,2,12561.46,1,10,1
15611.29,10,353.0,0.0,2,10,6976.02,0,12,0
5726.43,1,231.0,0.2653,3,0,367.1,0,0,0
9528.49,5,1.0,0.5783,6,23,935.81,0,16,0
7696.95,17,8.0,0.2393,0,0,5097.53,0,4,0
16142.91,1,90.0,1.0,7,2,5753.41,1,11,0
3847.13,3,52.0,0.4745,8,0,8937.17,0,2,0
7399.16,1,6.0,0.5744,10,0,4790.77,1,8,0
7298.7,1,29.0,1.0,3,5,1552.0,0,17,0
3051.15,15,748.0,0.2008,2,4,7807.18,0,3,0
6375.62,5,293.0,1.0,0,0,6017.01,0,22,0
10952.38,1,524.0,0.8821,4,0,4063.27,0,0,0
2991.0,1,1029.0,0.5847,0,0,6272.66,0,23,0
13920.57,10,287.0,0.5736,2,2,1095.32,0,10,1
17019.17,6,385.0,0.3952,0,2,734.28,0,0,0
15012.84,3,555.0,0.074,9,2,4228.05,0,13,0
15983.48,13,239.0,0.6808,2,0,394.09,0,14,1
9933.09,4,1.0,0.0,8,23,8675.02,0,11,0
9926.37,5,653.0,0.0415,8,0,6339.48,0,9,0
5838.17,4,91.0,0.3887,9,8,7904.87,0,5,0
19823.8,6,311.0,0.2904,8,4,3090.94,0,23,0
3839.24,13,573.0,0.5202,1,3,1353.73,0,0,0
1764.48,17,581.0,0.0,0,2,1875.9,0,0,0
9399.59,1,584.0,0.8729,5,3,2670.92,0,1,0
7281.81,20,224.0,0.2887,0,5,3467.15,0,1,0
100.46,9,201.0,0.0,5,2,1772.61,1,0,1
18994.66,15,410.0,0.0,0,3,3222.06,1,2,1
2318.63,11,292.0,0.5023,4,5,5762.65,0,6,0
16873.85,1,79.0,1.0,10,8,13620.03,0,16,0
12798.64,8,771.0,1.0,0,1,2727.21,0,4,0
5142.63,17,1020.0,0.0,7,4,9317.17,1,7,1
9852.68,7,1.0,0.8289,7,16,3620.44,0,14,0
5923.81,20,1366.0,0.0,4,4,5725.74,1,18,1
6006.93,13,685.0,0.0,2,0,2743.66,0,5,0
281.64,10,134.0,0.4637,0,2,7505.54,0,11,0
11449.87,4,699.0,0.0,4,6,360.4,0,8,0
4123.72,8,206.0,0.6949,0,2,7248.44,0,21,1
6465.12,1,457.0,0.5424,1,3,1647.68,0,5,0
7574.5,20,4.0,0.5793,0,6,826.65,0,5,0
15193.78,13,89.0,0.0,1,5,2299.66,1,0,1
13034.52,20,327.0,0.0,0,0,4613.26,0,0,0
10574.24,1,207.0,0.341,7,0,4632.83,0,5,0
12078.2,13,472.0,0.365,5,4,4231.41,0,12,1
4152.48,3,408.0,0.608,0,2,6042.1,0,6,0
8071.27,5,358.0,0.7556,6,0,12430.03,0,0,1
2280.8,10,39.0,0.3595,0,0,3582.59,0,7,0
3829.96,1,440.0,0.7564,7,5,3649.87,0,3,0
67.33,9,303.0,0.2998,0,7,2096.11,0,3,0
5137.92,12,800.0,0.0,3,0,2224.46,0,8,0
18181.96,5,836.0,0.0511,8,9,1815.49,0,21,0
4246.9,1,225.0,0.117,5,9,5484.24,0,0,0
230.21,8,381.0,1.0,8,2,9103.02,0,14,1
7153.4,1,42.0,0.4023,6,13,259.03,1,7,0
12901.86,17,653.0,0.0,2,0,1758.01,1,8,1
2022.81,1,100.0,0.9077,6,2,2964.22,0,10,0
334.23,4,31.0,0.5035,1,1,3787.74,0,8,0
12484.66,1,396.0,0.0732,4,0,710.11,0,7,0
739.38,1,3.0,0.3971,4,1,7461.04,1,19,0
7113.44,1,511.0,0.0,7,0,5454.19,0,0,0
5274.25,4,448.0,0.0,3,0,92.64,0,0,0
7217.84,10,66.0,0.1863,6,4,5111.66,0,2,1
1928.48,4,160.0,0.1592,9,2,8950.79,0,0,0
21215.11,15,234.0,0.0,0,0,3968.79,1,1,1
16511.6,20,900.0,0.0,2,6,1873.85,1,10,1
5107.44,16,780.0,0.0,0,11,4582.32,1,10,1
16989.8,1,118.0,0.8068,10,0,13419.83,0,14,0
3813.15,15,643.0,1.0,6,0,13473.76,0,19,1
4015.44,14,367.0,1.0,5,0,6791.24,0,9,1
9818.92,1,1.0,1.0,5,23,4630.38,0,10,0
9441.04,1,200.0,0.4987,10,9,10932.8,0,5,0
16148.77,2,898.0,0.0,7,2,776.74,0,5,1
7585.85,4,1162.0,0.4584,7,0,4704.19,1,4,0
577.09,11,231.0,0.5005,6,9,7119.87,0,0,1
11037.78,12,848.0,0.7548,1,14,487.28,0,0,0
10527.14,14,397.0,0.0,2,0,1711.65,1,3,1
5213.45,7,417.0,0.0,0,9,2926.36,0,2,0
5949.35,7,203.0,0.0404,0,7,2070.99,0,0,0
13373.33,1,585.0,0.0,10,0,6091.8,1,5,0
5202.21,18,61.0,0.225,7,8,8312.94,0,1,1
4211.64,17,564.0,1.0,0,3,6348.23,0,15,0
553.78,1,556.0,0.1877,1,0,5639.22,0,13,0
1095.68,3,478.0,0.0,2,0,2533.77,0,0,0
524.49,18,937.0,0.1761,0,5,3007.37,0,0,0
6729.61,1,156.0,0.4691,3,5,5305.83,0,0,0
11843.71,10,228.0,0.8643,10,3,10930.17,1,23,0
8289.19,3,366.0,0.2007,2,0,1319.73,0,7,0
13266.08,6,972.0,0.2203,9,7,8189.18,0,16,0
10107.42,17,323.0,0.0,0,0,14019.55,1,10,0
1944.22,11,895.0,0.0,2,7,3452.13,0,4,0
10535.93,1,386.0,0.0,0,0,9051.12,0,0,0
8197.28,9,594.0,0.0,5,6,1852.37,0,10,0
8749.57,1,305.0,0.6271,5,18,254.23,1,8,0
5572.9,6,104.0,0.5723,6,14,4185.38,0,9,0
7677.22,18,935.0,0.0,6,2,7297.05,1,7,1
14823.63,5,248.0,0.6222,8,0,2305.82,0,19,0
1167.8,7,583.0,0.0,0,2,3698.79,0,0,0
2350.24,9,8.0,0.593,0,4,3179.96,0,10,0
1148.34,20,234.0,0.4128,0,4,4347.17,0,4,0
4825.6,8,78.0,0.3607,1,2,1925.86,0,6,0
15478.83,20,605.0,0.0,0,0,9447.05,0,0,0
13796.28,1,418.0,0.0,7,0,851.13,0,8,0
5073.76,12,108.0,0.6107,5,0,6276.78,0,3,1
1359.75,6,415.0,0.8039,5,10,2552.04,0,7,0
11245.77,13,25.0,0.0621,7,12,1211.88,1,8,1
6968.89,1,1122.0,0.7153,8,2,7417.11,0,0,1
11219.27,5,282.0,0.9428,0,8,1989.45,0,6,0
5702.98,1,405.0,0.0,7,6,15614.28,0,0,1
1656.48,1,101.0,0.3349,7,5,184.5,0,7,0
2205.42,7,738.0,0.6657,1,0,3636.55,0,1,0
4224.12,18,403.0,0.0706,0,0,2693.92,0,0,0
3772.08,6,16.0,0.6278,0,2,5933.18,0,16,0
9829.5,1,739.0,0.4543,6,9,8065.46,0,0,1
7360.25,20,1563.0,0.0,5,0,7301.29,1,17,1
10262.24,5,725.0,1.0,1,8,1172.39,0,10,0
8209.48,4,228.0,0.4149,9,0,8883.94,0,6,0
9832.77,1,1.0,0.9665,2,16,2141.28,0,17,0
6807.31,16,380.0,0.1209,0,10,4809.72,0,0,0
10623.48,1,214.0,1.0,1,3,2374.47,0,4,0
1751.04,10,908.0,1.0,0,0,1708.08,0,3,1
4538.07,1,24.0,0.3179,5,6,4334.83,0,0,0
1603.44,10,201.0,0.6943,4,8,6463.3,0,7,0
1521.51,7,911.0,1.0,6,4,2442.6,0,4,0
1583.1,1,27.0,1.0,4,3,2422.57,0,23,0
9745.7,4,590.0,0.4852,10,8,12778.33,0,12,0
16883.01,1,144.0,1.0,10,10,11784.67,0,21,0
771.24,1,369.0,0.8073,5,8,2152.36,0,4,0
17434.39,3,212.0,0.4388,7,0,1236.06,0,19,0
7155.75,10,685.0,0.0,1,0,2436.69,0,8,0
395.41,12,557.0,0.0,5,5,3597.72,1,5,1
1610.24,7,326.0,0.4328,7,1,10475.05,0,3,0
7852.83,1,521.0,0.5856,4,0,7.54,0,0,0
5334.62,7,282.0,0.3455,5,1,4492.55,0,6,0
4274.04,1,710.0,1.0,7,0,2111.52,0,14,0
7087.83,9,514.0,0.3092,4,6,1858.44,0,12,0
6138.67,10,419.0,0.4502,5,5,4883.15,0,12,0
1232.85,3,629.0,0.9001,3,10,2352.76,0,7,0
17029.03,14,417.0,0.0,6,2,1909.17,1,0,0
7073.32,1,58.0,0.4474,9,5,7571.66,0,3,0
4545.42,20,310.0,0.3496,6,0,8163.91,0,0,1
1999.04,9,1073.0,1.0,3,6,3501.01,0,12,0
2061.53,13,96.0,0.783,0,0,1336.58,0,4,0
13896.06,4,384.0,0.8964,3,1,4002.57,0,15,0
4338.13,1,282.0,0.2877,5,4,1183.83,0,0,0
3311.81,4,497.0,0.4324,3,10,899.0,0,15,0
1101.09,2,84.0,1.0,0,0,2492.34,0,13,0
8197.95,1,345.0,0.8347,3,11,1937.23,0,9,0
9221.8,4,462.0,0.3146,10,0,11368.1,0,10,0
4047.01,1,676.0,0.4887,10,0,6266.9,1,0,0
12747.65,4,475.0,0.3521,10,8,7312.56,0,13,0
17297.45,1,777.0,0.0,10,5,5544.21,1,7,0
5077.1,1,157.0,1.0,6,2,963.57,0,23,0
899.58,15,111.0,0.7961,3,0,3283.9,0,13,0
12106.51,1,104.0,0.0468,6,1,1087.88,0,6,0
3777.34,13,106.0,0.3716,4,0,5301.07,0,3,1
14023.02,9,964.0,0.0,1,5,6011.81,0,16,0
22093.6,1,285.0,0.5363,10,9,4130.85,0,22,0
13211.66,7,753.0,0.0,5,0,244.31,0,15,0
8355.93,11,705.0,0.8947,6,5,9661.91,0,0,1
10091.06,1,613.0,0.4108,5,9,3633.26,0,0,0
9155.82,20,510.0,0.8548,2,5,2215.25,0,4,1
5051.69,1,147.0,0.3214,3,0,2855.73,0,0,0
6307.7,15,168.0,0.5141,3,0,5616.12,0,6,1
3299.04,1,174.0,0.5455,3,6,515.08,0,6,0
8269.12,1,42.0,0.7201,6,0,1468.02,1,16,0
17200.7,4,977.0,0.0,7,5,1033.62,0,16,0
11164.16,11,35.0,0.0,6,11,134.02,1,0,0
7561.46,1,377.0,0.0,3,0,504.4,0,0,0
6940.6,10,25.0,0.7377,7,0,9476.24,0,4,1
17371.44,10,377.0,0.8271,0,0,974.18,0,0,0
8056.34,6,6.0,0.5366,1,0,1449.02,0,6,0
5669.34,1,1138.0,1.0,5,3,1784.36,0,3,0
9807.96,6,1.0,0.0,2,20,750.01,0,4,0
5321.87,1,218.0,0.0633,1,11,1377.86,0,0,0
12110.76,15,634.0,0.0,1,6,10585.23,0,0,0
4897.18,8,717.0,0.0,0,7,3213.61,0,1,0
4615.11,16,269.0,0.4057,0,0,5898.48,0,6,0
10726.01,1,723.0,1.0,9,16,5962.84,0,0,0
15732.52,3,11.0,0.8855,10,0,5373.72,0,19,0
9004.89,11,647.0,0.0269,0,6,5372.24,0,13,0
5349.71,7,261.0,0.0563,1,4,5219.33,0,0,0
7430.4,7,361.0,1.0,5,0,3477.9,0,23,1
5049.95,14,407.0,0.4328,0,4,4068.73,0,12,0
14597.69,13,1008.0,1.0,0,1,2030.0,0,1,0
6513.41,1,743.0,0.7436,8,0,952.46,1,8,0
