annual_income_lakhs,debt_to_income,credit_history_months,num_open_accounts,num_defaults,loan_amount_lakhs,employment_years,home_ownership,credit_score_band,target
9.25,0.0,137,5,3,42.18,11,0,640,0
50.0,0.0,53,8,2,46.36,11,1,508,0
7.88,0.0,114,1,4,33.39,12,0,819,0
1.0,0.1974,33,4,1,10.67,16,0,565,1
7.85,0.0,122,3,0,5.48,14,0,448,0
1.87,0.2431,164,6,3,11.65,26,0,812,1
39.81,0.0,22,5,1,12.44,18,0,553,0
8.37,0.2695,34,0,2,5.39,7,0,900,0
1.0,0.0,85,6,2,11.2,11,0,668,1
5.9,0.0546,73,8,0,29.86,17,0,882,1
11.22,0.0,100,5,3,30.11,8,0,649,0
1.0,1.0,68,0,0,5.01,13,1,900,0
23.26,0.0,117,0,3,39.59,9,0,691,0
37.45,0.0949,42,10,1,0.5,0,1,571,1
1.07,0.8238,200,5,4,0.5,1,0,718,1
7.24,0.0,49,4,5,42.01,14,0,764,1
5.76,0.3299,15,5,2,15.03,4,1,571,1
9.84,0.0,139,9,4,11.18,1,0,742,0
3.98,0.0,124,2,1,27.53,20,0,611,0
20.23,0.2006,106,8,0,0.5,13,1,599,0
1.0,0.7531,27,4,1,11.46,16,0,864,0
1.0,0.1454,57,6,0,27.3,21,1,604,0
14.35,0.0,118,0,5,26.95,8,1,626,0
10.66,0.0,150,3,4,21.93,4,0,614,0
1.0,0.0,103,5,2,31.43,13,0,482,0
4.35,0.0,123,2,0,21.48,20,0,385,0
23.53,0.0,98,2,1,10.61,11,0,775,0
1.0,0.0,118,7,1,5.01,21,0,845,0
10.95,0.0,67,1,4,33.41,13,0,625,0
1.0,0.0999,157,2,1,14.3,10,0,540,0
14.76,0.1691,189,3,2,10.82,8,1,672,1
1.0,0.0,87,6,3,30.91,17,1,602,0
14.61,0.4101,0,1,0,7.91,9,0,883,1
11.95,0.0,54,1,3,27.61,13,0,651,1
26.89,0.0,95,0,0,21.68,19,0,656,0
25.76,0.0,175,0,4,10.53,6,0,576,1
4.98,0.0,106,4,3,11.45,27,1,386,0
25.49,0.0,94,0,1,14.57,11,0,607,0
19.25,0.0,169,1,4,22.6,0,1,771,0
1.0,0.502,91,5,2,24.06,14,1,793,0
14.36,0.6736,41,3,1,0.5,0,1,617,1
4.63,0.673,78,2,3,8.84,3,0,900,0
15.62,0.0,73,0,1,43.61,21,0,851,1
1.35,0.9077,93,2,2,0.5,4,0,569,1
1.42,0.0,153,7,5,39.07,11,0,734,0
12.73,0.0,139,2,5,46.74,9,0,748,0
28.51,0.0,132,3,1,32.77,19,1,363,0
25.21,0.0,105,4,1,15.65,24,0,300,0
1.0,0.0,143,3,4,40.17,9,0,382,0
1.0,0.7688,95,6,0,3.8,14,1,678,1
15.55,0.5661,54,6,0,0.5,4,0,754,1
1.0,1.0,175,3,0,13.51,3,1,900,0
1.44,0.0,74,5,4,34.94,18,0,370,0
5.35,0.7151,99,5,1,15.66,15,1,781,1
18.94,0.0,0,5,1,30.27,3,0,561,1
9.92,0.9023,0,6,3,0.5,0,0,872,1
18.5,0.0277,40,2,0,6.9,7,0,754,1
2.97,0.4413,99,4,1,5.76,12,0,853,1
20.51,0.7815,0,6,1,0.5,8,0,900,1
1.0,1.0,146,5,3,0.72,9,0,761,0
27.77,0.1894,13,3,3,0.71,2,0,900,1
1.0,1.0,94,6,3,7.13,10,0,900,1
28.98,0.0,34,2,1,23.17,8,0,534,0
1.0,0.3979,111,2,1,10.39,8,0,694,0
18.2,0.7115,2,3,1,0.5,2,0,900,1
1.0,1.0,0,5,1,0.5,19,1,900,0
41.99,0.0,0,5,1,12.08,7,0,789,1
8.55,0.0,61,5,0,52.24,25,0,900,1
12.35,0.0,162,7,2,31.07,11,0,547,0
17.99,0.0,13,4,1,31.03,6,0,601,1
1.0,0.0,200,3,2,16.58,1,1,499,0
17.01,0.2257,166,0,3,17.76,1,1,745,1
14.49,0.2221,18,1,2,11.19,6,0,900,1
9.23,0.0,64,4,0,42.45,23,0,900,1
13.12,0.0,29,3,1,47.75,17,0,900,1
30.72,0.0,119,5,2,32.41,10,1,518,0
24.41,1.0,36,6,1,0.5,0,1,700,1
22.31,0.0,72,0,2,35.21,11,0,662,0
11.95,0.0,112,0,3,30.53,9,0,749,0
18.52,0.0,90,6,3,26.72,12,0,652,1
17.67,0.0,104,3,1,38.19,13,1,484,0
1.0,0.2469,154,0,0,26.8,25,1,900,1
33.12,0.0,62,5,4,37.26,3,1,499,0
1.0,0.0,162,0,2,20.79,3,0,612,0
22.19,0.0,101,0,3,18.71,5,0,703,0
1.0,0.14,49,2,2,17.05,16,0,643,0
22.5,0.0349,28,6,0,10.76,8,0,867,1
2.51,0.5831,53,5,0,4.22,8,0,676,0
28.6,0.0,64,0,0,13.8,7,1,419,0
9.92,0.0,189,0,0,29.53,5,0,509,0
9.4,0.0,90,0,1,12.2,11,0,589,0
7.44,0.0,19,5,0,12.74,15,0,600,1
1.0,0.0,3,0,2,32.72,33,0,817,1
1.0,0.5734,116,6,3,6.74,16,0,618,0
1.0,0.9341,41,0,0,16.51,16,1,891,0
22.21,0.0,150,0,1,30.08,25,0,772,1
2.79,0.9137,131,5,0,0.5,0,1,502,1
1.0,0.4237,18,1,0,15.35,29,1,623,0
10.29,0.0,77,7,1,14.7,15,0,587,0
6.32,0.2579,37,1,2,13.07,8,0,848,1
1.0,0.4966,103,5,1,12.31,4,0,885,0
9.34,0.1106,62,2,3,15.57,12,0,803,0
4.76,0.6446,59,5,3,0.5,0,1,702,1
1.0,0.1363,109,5,0,16.69,13,0,561,0
1.0,1.0,191,4,3,16.91,27,0,900,1
31.68,0.0,0,5,4,22.53,9,0,895,1
19.38,0.0,145,2,2,0.5,0,0,569,0
1.0,0.6465,160,5,5,30.64,6,1,656,1
3.21,0.0,121,3,4,22.95,6,0,659,0
22.19,0.0,90,5,3,32.72,8,1,521,0
8.24,0.0,18,0,1,44.12,15,0,900,1
24.15,0.8568,35,4,2,0.5,0,1,727,1
1.0,0.7668,33,3,2,14.63,11,0,900,1
7.29,0.5131,87,3,0,2.86,7,0,900,1
1.0,0.8347,124,6,0,20.74,4,0,900,0
1.34,0.032,77,6,3,11.89,13,1,629,0
12.3,0.0511,109,4,1,7.16,13,1,545,0
13.0,0.0642,125,2,2,23.31,9,0,808,1
18.99,0.0,156,2,5,42.75,12,0,530,0
9.55,0.0,101,5,0,15.6,22,0,433,0
4.98,0.3571,52,2,3,0.5,10,0,528,1
14.47,0.0,112,1,3,26.85,9,1,651,1
17.49,0.0,58,6,4,35.54,20,0,315,0
1.0,0.9067,58,7,1,13.12,18,1,686,0
26.06,0.0198,101,4,1,0.5,14,1,472,0
1.0,0.7217,96,0,2,11.78,18,1,625,0
11.42,0.0783,137,1,1,13.48,10,1,630,1
1.0,0.0057,124,4,2,11.44,0,0,753,0
48.23,0.0,66,7,7,0.5,32,1,440,0
21.8,0.2547,52,0,0,0.5,4,0,885,1
23.15,0.0,43,4,5,23.87,8,0,829,0
1.0,0.2091,30,2,0,24.29,26,0,674,1
6.67,0.1428,137,8,2,27.63,12,0,893,1
10.59,0.0,44,9,2,26.36,25,1,405,0
28.08,0.3367,2,7,0,0.5,0,0,682,0
22.71,0.0,136,0,2,29.14,8,0,416,0
25.3,0.0,58,5,1,13.07,12,0,578,0
5.14,0.0,63,0,1,11.5,15,0,670,0
24.71,0.0,88,4,4,34.36,5,0,610,0
15.04,0.375,0,2,1,16.05,10,0,900,0
25.32,0.0,66,9,0,12.2,20,0,586,0
1.0,0.1042,37,6,1,24.0,13,0,900,1
24.05,0.0,139,9,3,11.47,7,1,530,0
8.13,0.0,161,4,0,0.5,18,0,776,0
23.61,0.1868,84,8,4,18.4,1,0,718,0
1.0,1.0,141,3,4,0.5,1,0,900,1
12.05,0.0,129,9,4,17.14,7,0,522,0
1.0,1.0,213,2,5,0.5,16,0,900,0
14.89,0.0,144,1,1,17.13,14,0,639,1
8.4,0.491,120,7,3,20.16,0,0,900,1
15.4,0.2579,230,8,3,20.25,9,1,831,1
9.32,0.2827,86,9,5,36.28,5,1,678,0
26.09,0.0,69,2,1,33.47,9,0,627,0
1.0,0.3571,91,3,0,13.41,12,0,782,1
21.89,0.0,48,2,2,19.15,5,0,328,0
25.18,0.7651,84,2,0,0.5,0,0,816,1
11.35,0.0202,127,0,1,5.09,4,0,752,0
32.63,0.2124,24,0,4,0.5,0,1,561,1
1.0,0.7934,0,6,1,2.69,34,0,596,0
17.77,0.0,72,0,4,20.95,9,0,524,0
1.32,0.2233,96,1,2,14.02,10,0,628,0
1.0,0.0,31,2,5,27.93,19,0,531,0
21.29,0.0,94,2,1,19.23,13,0,545,0
37.42,0.0,64,2,0,7.45,7,0,572,0
19.92,0.0,127,0,0,44.56,25,0,678,0
1.0,0.4996,39,4,1,7.04,25,1,551,0
32.16,0.0,66,4,4,32.97,1,0,684,1
35.05,0.0,70,7,0,15.56,29,0,900,0
1.0,0.5242,137,5,4,14.22,7,0,523,0
3.25,0.6519,39,1,1,4.75,8,0,900,1
45.23,0.0,4,3,0,2.36,16,0,630,0
1.0,0.0,154,9,3,22.21,2,0,571,0
16.61,0.3549,53,5,1,4.49,10,0,794,1
9.0,0.2044,112,0,2,17.79,8,0,765,1
18.36,0.0,62,2,1,13.15,18,0,459,0
11.59,0.0,78,5,0,13.89,15,0,521,0
1.0,1.0,214,1,6,0.5,13,0,829,1
1.0,0.7712,97,0,2,17.43,7,1,900,0
1.0,0.807,39,1,2,0.5,16,0,730,0
7.84,0.133,103,1,1,0.5,15,1,437,0
12.79,0.2883,0,0,4,13.85,2,0,777,1
1.0,0.923,101,7,1,0.5,11,1,741,0
1.0,0.078,0,5,5,38.32,32,0,900,1
11.25,0.4309,19,3,4,1.59,0,0,793,1
1.0,0.7192,43,7,1,16.32,2,0,900,1
17.08,0.0,113,5,3,29.72,8,1,618,0
19.81,0.0,166,2,0,20.37,15,0,300,0
11.52,0.0,185,9,0,17.52,17,1,300,0
1.0,0.0,81,0,1,18.46,30,1,619,1
5.01,0.2542,64,0,1,14.19,7,0,860,1
1.0,0.0,123,3,2,30.56,24,0,900,0
21.65,0.0,74,2,2,14.23,8,0,694,1
24.03,0.0,123,5,2,32.76,14,1,483,0
29.27,0.0,28,3,2,11.37,6,0,900,1
1.0,1.0,0,5,1,7.03,28,1,782,0
1.0,0.6754,60,4,1,13.46,14,1,799,0
1.0,0.0879,152,2,0,27.28,12,0,565,0
26.86,0.0,117,5,3,29.09,9,0,779,0
1.0,0.6284,130,7,1,11.26,14,1,709,0
31.56,0.0,39,4,2,21.33,7,1,377,0
18.47,0.0,21,9,2,18.22,7,0,797,1
7.72,0.0,124,7,4,16.17,8,0,369,0
21.04,0.0,148,2,3,31.34,13,0,889,1
20.14,0.8204,134,5,1,0.5,0,0,706,1
16.28,0.7498,24,4,1,0.5,0,1,715,1
31.73,0.3144,0,6,1,0.5,3,0,863,1
13.33,0.0,98,7,0,3.98,12,0,572,0
12.32,0.283,106,2,1,25.42,0,0,838,1
1.0,0.756,71,3,2,24.08,11,1,873,0
9.87,0.0,109,6,5,46.73,3,1,485,0
14.15,0.0,91,2,4,27.95,5,0,561,0
31.02,0.0,0,2,3,22.39,17,0,788,1
7.82,0.0,137,9,0,14.43,7,0,580,0
7.35,0.0,137,7,1,25.17,8,0,330,0
30.8,0.0,0,0,4,8.71,0,0,643,1
3.14,0.0,0,5,1,29.5,10,0,725,1
17.41,0.7401,0,7,0,0.5,2,0,738,1
23.92,0.0,70,0,0,16.33,22,1,458,0
51.66,0.6018,0,4,3,0.5,0,1,887,1
18.14,0.4249,0,2,4,10.72,0,1,738,0
15.18,0.2536,121,3,6,36.43,0,1,351,0
8.52,0.0242,118,7,4,35.06,11,0,689,0
8.75,0.5013,104,0,2,39.43,0,0,900,1
1.0,0.0,97,2,5,31.66,8,0,628,0
1.0,0.0,162,0,0,23.58,15,1,466,0
44.41,0.0,0,5,2,9.2,19,0,559,0
1.0,0.0,172,1,1,8.04,2,0,464,0
14.32,0.4533,86,1,3,0.5,0,1,647,1
36.17,0.0,0,3,5,11.73,0,0,784,1
1.0,0.6925,53,0,3,19.96,11,1,855,1
1.0,0.8469,127,4,0,0.5,3,0,764,0
11.05,0.6542,9,3,1,0.5,9,0,900,1
23.55,0.0,84,7,6,42.2,0,1,501,0
16.26,0.0,73,3,1,0.5,15,0,577,0
40.72,0.0,63,6,3,0.5,24,0,542,0
1.0,0.3061,9,4,0,30.61,15,0,900,1
15.18,0.0,157,3,2,33.9,21,0,300,0
1.0,1.0,20,5,1,2.72,10,1,900,0
15.35,0.4464,28,2,0,0.5,21,1,760,0
1.0,1.0,0,3,0,15.18,24,1,900,0
31.37,0.0987,0,1,5,0.5,0,0,863,1
31.6,0.7446,0,2,1,0.5,0,1,836,1
1.0,0.0,163,7,0,6.78,23,0,799,0
1.0,0.289,146,3,0,22.82,8,1,731,0
1.0,0.6999,112,0,4,15.43,13,0,657,1
3.98,0.0,51,4,1,36.85,20,0,514,0
4.88,0.0903,57,0,0,27.5,11,0,882,1
1.0,0.0,148,0,4,16.4,3,0,593,0
1.0,0.0,146,2,0,4.89,3,0,573,0
36.11,0.0,120,8,0,35.29,1,1,630,1
1.0,0.7083,72,0,1,26.77,8,0,900,1
14.01,0.0,30,5,2,51.14,11,0,900,1
10.97,0.5041,174,2,1,5.15,5,1,721,0
22.37,0.0,152,6,2,24.46,12,0,703,0
11.43,0.0531,122,2,0,31.13,13,1,894,1
1.8,0.0,78,0,0,25.38,16,0,706,1
12.49,0.0,138,1,0,10.28,15,1,606,0
5.28,0.1086,141,4,4,34.56,8,1,575,0
3.89,0.0,5,8,0,16.88,29,1,483,0
1.0,0.5611,57,6,2,9.44,16,0,805,1
5.21,0.0823,137,0,0,20.29,11,1,519,0
36.46,0.3665,37,1,0,0.5,0,0,765,1
1.0,0.789,173,1,3,18.35,18,0,900,1
16.89,0.0,117,1,1,14.02,19,0,850,0
25.02,0.0,75,4,0,2.88,14,0,605,0
8.43,0.5549,38,7,3,2.41,11,0,667,0
1.0,0.0,47,7,0,36.91,26,0,900,1
1.0,0.6582,87,7,3,1.13,1,0,710,1
17.33,0.3445,89,4,1,0.5,0,0,706,1
18.88,0.0,63,3,0,2.35,13,0,566,0
21.73,0.0,65,5,0,14.95,16,0,586,0
1.0,0.4944,101,4,2,18.39,24,0,900,1
25.4,0.0,109,3,1,12.5,10,1,556,0
1.0,0.3297,49,0,0,10.06,10,0,835,0
9.83,0.4516,25,2,1,3.41,5,0,798,1
11.99,0.0,136,5,2,17.08,2,0,474,0
4.56,0.013,47,6,3,18.85,8,0,663,0
1.0,0.1042,227,7,4,25.38,0,1,797,0
1.0,0.7046,187,3,3,3.24,14,1,690,0
21.98,0.3894,2,4,1,0.5,1,0,741,1
1.16,0.0,187,4,1,24.04,17,0,606,0
28.89,0.5406,43,1,1,0.5,0,1,656,1
9.76,0.7046,39,0,0,0.5,7,0,886,1
6.86,0.0809,56,2,1,9.83,9,0,884,1
36.96,0.0,84,8,0,17.17,12,1,569,0
1.0,0.0421,174,8,1,21.9,15,1,466,0
1.0,0.0,160,1,1,17.67,13,0,533,0
5.49,0.2323,121,4,0,22.76,9,0,807,1
11.65,0.4088,132,1,2,22.0,1,0,900,1
24.77,0.0079,0,4,0,3.83,7,0,785,1
1.0,0.337,98,7,1,12.77,12,0,714,0
8.44,0.3922,225,2,3,32.14,9,1,900,1
1.0,0.0,175,1,2,27.01,8,0,505,0
6.42,0.3503,56,6,3,14.16,11,1,870,0
12.34,0.0,4,7,2,17.44,21,0,397,1
1.0,0.6581,113,5,6,0.5,17,0,848,1
50.07,0.0,60,0,2,16.39,27,0,742,0
1.0,0.0,97,5,2,30.17,11,0,532,0
27.55,0.0,34,5,0,3.12,10,0,460,0
16.75,0.0,137,5,0,7.33,23,1,652,1
29.84,0.0,32,2,3,46.86,7,1,435,0
1.0,0.5331,164,5,2,1.42,6,0,578,0
6.44,0.03,100,3,0,19.51,18,0,704,0
35.78,0.4801,6,5,1,0.5,0,0,813,1
20.7,1.0,46,0,3,0.5,0,1,634,1
10.29,0.2175,95,6,0,0.5,9,0,609,0
3.89,0.0,0,3,0,25.35,18,0,752,1
1.0,0.1236,177,5,1,7.29,0,0,625,0
1.0,0.0,48,2,3,35.89,13,0,594,0
1.0,1.0,25,5,0,5.25,12,0,900,0
12.66,0.2436,0,5,1,14.99,12,0,900,1
11.47,0.0,51,0,5,46.19,3,0,607,0
11.14,0.0451,0,1,2,19.11,19,0,789,0
15.78,0.0,163,1,1,0.5,17,1,572,0
1.0,0.1885,153,7,2,9.96,13,0,665,1
1.0,0.2381,162,1,1,13.41,10,1,530,0
21.68,0.0,95,7,0,10.43,17,0,583,0
21.34,0.4331,39,6,2,0.5,0,0,741,1
1.0,0.6048,97,1,2,10.16,2,0,790,1
5.15,0.0,165,0,1,13.58,6,0,624,0
2.79,0.3033,112,4,0,15.49,11,0,730,1
1.0,0.7669,128,0,3,4.38,16,0,900,1
16.21,0.0,35,5,4,31.32,24,0,374,0
10.26,0.0,211,0,0,26.84,4,0,478,0
1.0,1.0,102,0,2,9.38,2,0,900,1
1.0,0.546,69,2,2,12.88,17,0,690,0
26.38,0.0,9,3,2,30.91,3,0,492,1
1.0,0.0,42,5,2,24.12,26,0,483,0
13.17,0.8658,19,3,1,0.5,3,0,809,1
1.0,0.0,89,1,0,26.11,22,1,390,0
20.12,0.0,131,4,1,32.89,17,0,639,0
1.0,0.5166,65,2,2,3.26,12,1,672,0
14.58,0.1716,113,4,1,0.5,14,0,578,0
1.0,0.4025,15,1,0,22.18,32,1,591,0
37.25,0.0,2,4,2,8.28,4,0,850,1
11.85,0.0,141,3,0,31.21,13,1,630,0
1.0,0.1606,137,4,0,22.68,27,0,897,1
20.17,0.7341,48,5,3,0.5,4,0,587,0
37.29,0.0,53,6,2,43.68,13,0,552,0
20.87,0.1058,0,8,0,14.07,9,0,774,1
17.68,0.4379,52,2,1,0.5,1,0,818,1
8.68,0.0,145,1,1,29.04,13,0,300,0
16.09,0.0,77,4,1,24.29,0,1,520,1
21.36,0.0,32,1,2,49.49,22,1,810,1
46.22,0.0,98,6,5,37.98,11,0,361,0
15.99,0.0,66,4,3,34.67,15,0,792,0
37.81,0.0277,0,2,6,5.7,0,0,900,1
35.41,0.0876,0,0,0,1.52,4,0,899,1
11.39,0.1116,0,4,1,24.67,19,0,900,1
3.65,0.0,168,4,5,28.22,2,0,573,0
16.33,0.0,136,3,2,25.45,15,0,761,0
15.39,0.0,116,6,1,0.5,21,0,690,0
1.0,0.1722,0,0,3,25.35,14,0,817,0
1.0,0.351,64,5,4,11.43,8,0,673,0
21.57,0.0,105,0,1,8.05,12,0,350,0
13.91,0.0185,49,7,0,25.37,20,1,696,0
5.42,0.0,14,5,1,15.93,23,0,699,1
23.63,0.1722,20,2,3,2.77,0,0,832,1
1.0,0.2019,139,1,3,18.88,6,1,766,0
18.42,0.0,65,0,2,1.01,9,0,645,0
20.46,0.0,150,3,3,5.13,10,0,495,1
1.0,0.8112,76,9,2,24.96,7,0,900,1
16.93,0.2156,230,6,4,13.28,5,1,723,0
1.0,0.7017,132,0,2,21.03,0,1,900,0
26.16,0.0,40,2,2,8.71,18,0,479,0
14.59,0.0,75,0,2,15.56,5,0,716,0
14.05,0.0,90,4,6,26.71,11,0,636,0
10.97,0.0,82,0,0,3.3,20,0,483,0
1.0,0.0,186,5,2,31.82,18,0,768,0
18.18,0.0,66,4,0,18.34,18,0,578,0
23.13,0.0,110,0,1,22.12,6,0,584,1
19.43,0.3454,44,2,1,0.5,6,0,705,1
1.0,0.0,49,2,3,23.61,22,0,300,0
17.92,0.0,118,2,1,31.58,18,0,707,0
1.0,0.8945,113,10,1,3.34,16,1,668,1
2.71,0.7738,65,2,3,0.5,0,1,703,1
1.02,0.0,216,6,2,18.58,5,1,397,0
32.87,0.0,95,5,6,60.25,1,1,519,0
17.22,0.0,61,4,0,7.92,18,0,625,0
31.76,0.0,186,4,3,37.99,14,0,300,0
8.48,0.0,151,2,0,9.57,15,0,726,1
23.48,0.0,35,2,6,24.01,15,0,628,0
1.0,0.5329,63,2,5,0.5,11,0,741,0
19.06,0.0,162,0,1,29.99,13,1,389,0
1.0,0.0,149,2,2,30.19,13,0,441,0
1.0,0.3424,101,2,1,16.58,5,0,845,0
1.62,0.0,153,3,1,29.16,16,0,616,0
2.17,0.0,117,3,1,21.92,7,1,300,0
1.0,0.3871,127,6,0,17.04,17,1,609,0
26.54,0.0,0,9,1,25.64,20,0,873,1
1.0,0.0,31,1,3,34.87,21,1,834,1
1.0,0.0509,63,8,1,16.63,22,0,745,1
17.46,0.0229,91,5,2,15.79,4,0,668,0
18.64,0.3946,127,2,0,0.5,8,1,708,1
1.0,0.0,54,4,3,18.18,13,0,575,0
3.87,0.0,154,2,1,20.7,10,1,381,0
1.0,0.0184,181,2,1,12.14,14,0,621,0
2.65,0.0,9,6,2,22.34,23,0,592,0
36.67,0.0,42,2,1,47.09,14,0,585,0
22.5,0.0,83,2,4,41.86,3,1,387,0
1.0,0.0624,155,6,0,21.47,8,0,580,0
31.23,0.0,0,13,1,11.22,19,0,462,0
25.3,0.0,99,2,1,26.7,8,0,681,1
10.53,0.0,76,4,1,35.32,11,1,786,1
18.74,0.0,126,0,1,34.35,16,0,726,1
12.63,0.1369,137,6,1,0.5,21,0,719,1
5.9,0.4127,24,6,0,6.22,13,0,900,1
19.16,0.0,83,3,0,7.56,15,0,622,0
21.36,0.3034,54,6,0,0.5,9,0,659,0
3.29,0.1497,32,5,0,11.66,7,0,503,0
9.78,0.0,121,1,1,36.84,24,1,763,1
1.0,0.6013,68,0,0,10.4,19,0,811,1
13.63,0.1726,0,7,1,19.73,11,0,710,1
1.0,0.0,65,3,3,32.95,20,1,688,1
27.31,0.0,153,2,2,22.87,0,0,683,0
1.0,0.0,207,4,1,16.8,1,0,458,0
13.74,0.0,45,4,1,8.28,8,0,411,0
7.82,0.0,160,3,5,38.41,6,0,641,0
7.76,0.0,87,4,0,25.5,20,0,514,0
13.15,0.0,110,5,0,11.41,24,0,659,1
35.72,0.0,0,3,2,19.63,10,0,900,1
8.46,0.0,84,0,0,36.13,8,0,871,1
27.42,0.0,225,9,3,32.85,9,1,900,1
23.93,0.018,169,5,3,15.36,0,0,662,1
1.31,0.2901,34,5,1,0.5,12,0,363,1
1.0,0.1536,193,3,0,0.5,0,0,708,0
1.0,0.8254,86,3,0,0.5,17,0,658,1
37.37,0.0,56,3,0,25.23,17,0,501,0
24.42,0.0,5,4,1,36.24,31,1,453,0
1.27,0.1508,148,3,1,12.05,22,0,732,1
49.33,0.0,11,3,3,50.57,8,0,479,0
1.0,1.0,154,3,3,3.72,10,0,900,1
23.25,0.0,63,6,3,13.55,11,0,717,0
1.0,1.0,144,2,4,0.5,10,0,900,1
1.0,0.8693,128,1,0,9.59,8,1,893,0
6.78,0.3818,76,6,0,11.94,9,0,855,0
29.41,0.4786,92,1,0,0.5,3,0,900,1
26.72,0.0,62,3,4,36.9,6,0,595,1
36.53,0.0,32,6,0,19.64,11,0,607,0
29.55,0.0,92,3,5,42.52,9,0,763,0
1.0,0.0,0,4,4,44.66,33,0,537,0
4.57,0.0,43,4,2,46.14,21,0,900,1
7.45,0.3665,74,2,2,22.81,1,0,870,1
25.09,0.0,106,4,2,32.43,10,1,652,1
16.55,0.0,80,2,4,37.3,18,0,524,0
38.8,0.0,82,6,5,57.03,2,1,524,0
25.79,0.0,97,5,4,0.5,20,1,481,0
19.16,0.0,130,0,1,16.93,12,1,469,0
44.29,0.0,0,5,2,0.5,17,0,602,0
1.0,0.0,15,0,0,23.21,27,0,476,0
9.08,0.0,156,6,1,21.94,6,0,663,0
48.09,0.7459,0,5,6,0.5,0,1,900,1
34.68,0.0,70,3,3,26.22,5,0,652,0
3.18,0.0,148,3,1,15.83,6,0,658,1
34.33,0.0,89,7,0,2.25,12,1,557,0
38.97,0.1732,0,6,2,0.5,0,0,657,0
16.45,0.0,203,1,2,16.83,3,0,481,0
14.44,0.0439,161,5,2,25.27,13,0,873,1
1.0,0.283,107,5,0,24.9,16,0,900,1
12.99,0.7979,73,2,0,0.5,2,0,883,1
4.45,0.0,141,2,1,13.18,3,0,610,0
1.0,0.3726,136,0,3,23.06,0,0,853,0
1.0,0.2713,171,5,5,30.99,3,0,672,0
15.81,0.0,106,3,1,42.53,14,0,900,1
3.35,0.0,74,0,3,25.58,9,0,824,0
1.0,0.8932,0,6,1,0.5,16,0,667,1
1.46,0.0,126,4,1,22.19,11,0,521,0
17.65,0.7239,14,4,2,0.5,0,0,779,1
23.31,0.2737,19,4,3,0.5,0,0,721,1
1.0,0.2242,94,3,1,9.71,11,0,650,0
1.49,0.0,140,6,2,36.37,13,0,300,0
1.0,0.1484,31,5,2,17.63,12,0,752,0
13.87,0.0,92,0,5,32.06,3,0,878,0
30.69,0.0255,107,2,0,0.5,8,1,529,0
23.53,0.6383,45,6,4,0.5,0,1,494,1
13.98,0.0618,117,3,2,5.83,13,0,822,0
22.62,0.2927,56,3,0,6.7,12,0,858,0
31.51,0.6792,54,5,2,0.5,0,1,698,1
6.68,0.0,133,3,0,19.04,12,1,577,0
20.31,0.0,153,6,3,10.69,11,1,475,0
1.0,0.0,133,3,2,24.56,4,0,749,0
14.73,0.6378,10,0,4,0.83,0,1,830,1
14.42,0.0,65,1,0,0.87,10,0,514,0
3.2,1.0,108,3,1,0.5,0,1,482,1
14.73,0.9718,88,6,0,0.5,0,1,772,1
19.43,0.0,83,1,0,18.1,13,1,390,0
1.0,0.5474,139,0,1,11.73,9,0,639,0
14.14,0.0,80,2,1,21.38,22,0,300,0
1.0,0.9064,148,5,1,18.7,9,1,853,0
23.36,0.6317,0,8,1,0.5,6,0,838,1
1.0,0.3958,87,5,1,10.3,13,0,699,0
28.26,0.0,65,3,1,28.62,13,0,532,0
12.39,0.3571,131,1,0,0.5,11,1,599,0
1.41,0.2827,91,1,2,20.26,18,0,896,1
35.51,0.3747,0,3,0,0.5,7,0,900,1
1.0,0.3361,44,5,0,7.97,16,0,662,0
19.04,0.0,28,2,0,11.66,13,0,832,1
33.16,0.0218,0,4,3,0.5,0,0,662,1
17.49,0.0796,0,3,3,13.75,6,0,900,1
22.75,0.0,95,4,0,4.77,19,0,606,0
4.7,0.5746,155,4,3,12.81,1,1,842,0
37.05,0.0,70,0,2,34.85,4,1,380,1
9.21,0.0,162,3,0,12.54,17,1,602,0
4.25,0.3271,72,3,1,36.21,5,0,900,1
12.4,0.0,210,2,0,12.88,0,0,441,0
19.56,1.0,9,10,1,0.5,0,1,551,1
14.72,0.5884,19,0,2,0.88,1,0,875,1
36.69,0.0,12,0,2,22.06,7,0,468,0
1.0,0.6982,53,2,0,0.5,9,0,497,1
12.34,0.3903,101,6,1,0.63,11,0,900,1
1.0,0.3188,0,0,1,32.2,16,0,900,1
6.74,0.0,179,0,3,32.91,10,1,577,0
6.45,0.1761,122,0,3,19.89,5,1,465,0
10.1,0.0,157,0,3,25.35,4,0,366,0
23.04,0.0,85,6,5,21.56,7,1,608,0
4.33,0.0,11,3,0,6.39,28,0,376,0
17.78,0.0,106,2,2,12.88,12,0,506,0
1.0,0.7957,84,3,2,0.5,0,0,625,1
19.68,0.0,40,1,3,12.93,15,0,736,0
1.0,0.3166,38,6,1,12.44,15,0,781,0
44.0,0.0,21,4,0,15.46,15,0,437,0
22.98,0.0,54,2,0,2.97,18,0,662,0
1.0,0.5366,12,7,4,8.61,1,1,752,1
24.59,0.0,110,1,4,43.71,15,0,819,0
11.84,0.0,39,4,4,35.14,15,0,617,0
25.96,0.3,72,2,3,0.5,0,1,732,1
36.99,0.0,130,2,4,18.92,7,0,581,0
19.13,0.0147,0,3,0,11.06,9,0,742,1
31.23,0.0,4,0,0,12.1,10,0,900,1
31.97,0.0,84,0,2,27.35,14,0,554,0
14.69,0.3586,30,4,1,0.5,0,0,620,1
27.75,0.0,90,6,2,49.64,10,1,691,1
1.0,0.1516,54,4,0,18.88,14,0,723,1
1.0,0.2343,86,0,1,21.11,17,1,727,0
12.58,0.0,0,11,1,37.1,10,0,883,1
1.0,0.8494,159,7,1,7.34,11,1,823,1
5.48,0.0,88,6,0,27.28,20,0,412,0
11.81,0.0,65,7,1,11.9,10,0,532,0
5.19,0.6762,2,9,2,11.6,18,0,865,0
5.04,0.5267,181,3,4,18.78,10,0,900,1
28.39,0.0,55,2,1,32.16,19,0,888,0
1.0,0.7265,117,8,0,17.27,7,0,785,0
15.57,0.0,134,5,4,28.83,7,0,307,0
6.84,0.0,0,5,0,31.87,17,0,900,1
4.41,0.0,95,8,4,11.9,8,0,604,0
1.0,0.0,106,1,2,44.54,23,1,432,0
5.4,0.0,137,7,0,8.24,21,0,641,0
17.2,0.0,36,6,3,30.39,10,0,760,0
28.16,0.0,148,7,2,47.85,18,1,806,0
1.0,0.4632,79,8,1,17.34,12,1,708,0
26.73,0.0,6,0,2,1.11,0,0,645,1
8.1,0.0,27,0,5,20.01,14,0,669,0
1.0,1.0,106,7,4,0.5,19,0,670,0
9.06,0.0,89,1,1,20.79,9,0,730,1
1.0,0.0,86,4,5,28.25,12,0,704,0
1.0,0.0,170,6,4,16.64,0,0,653,1
1.0,0.0,86,0,3,26.54,10,0,714,0
1.0,0.0459,161,0,3,0.5,4,0,449,0
17.58,0.0,67,6,2,12.82,13,0,657,0
4.39,0.4481,71,3,0,22.4,0,0,801,1
18.72,0.0,86,0,7,33.13,10,0,611,0
7.02,0.113,96,2,1,28.55,17,1,682,0
25.8,0.0,84,2,3,27.15,9,0,615,0
9.59,0.0,119,5,1,27.9,14,0,547,0
1.0,0.4679,59,5,0,16.86,11,0,804,1
1.0,0.4243,124,0,0,11.79,10,1,640,0
9.71,0.0,4,6,0,20.75,15,0,883,1
4.81,0.0,38,7,4,12.73,10,0,694,0
30.44,0.3907,30,8,0,0.5,2,0,829,1
6.04,0.0,65,6,0,1.56,15,0,316,0
1.0,1.0,65,2,2,0.5,15,0,631,1
37.59,0.0,32,3,1,31.79,13,0,641,0
9.34,0.0,154,3,2,25.03,11,0,435,0
1.03,0.0,76,0,2,8.32,5,0,635,0
26.8,0.0,60,6,3,50.12,7,0,503,0
23.55,0.0,94,5,3,26.67,5,1,468,0
1.0,0.6181,159,3,4,15.78,23,0,900,1
3.75,0.4216,132,2,1,0.5,9,0,674,0
9.73,0.4309,154,2,2,6.13,0,1,622,1
22.02,0.052,62,4,4,0.5,0,0,900,1
3.8,0.3186,35,5,0,10.23,11,0,667,1
1.0,0.0,156,4,1,13.5,3,0,715,0
1.0,0.0,76,7,2,16.77,13,0,671,1
9.67,0.0855,66,5,0,0.5,6,0,465,0
3.34,0.0,32,2,1,25.44,15,0,692,0
23.4,0.2903,19,4,0,2.34,6,0,900,1
1.0,0.0,132,0,0,22.07,10,0,579,0
4.39,0.0,123,10,4,38.71,9,0,683,1
1.0,0.7829,84,4,6,0.5,0,1,697,1
44.66,0.0,55,4,2,36.04,10,1,553,0
37.13,0.0,46,0,1,30.98,9,0,495,0
24.31,0.0,71,3,0,8.19,12,0,506,0
8.65,0.0,126,7,1,28.31,16,0,420,0
1.0,0.6484,0,5,0,11.03,27,0,708,0
7.1,0.0,66,3,0,34.37,14,0,900,1
24.74,0.0,106,1,3,40.68,11,1,536,0
1.0,0.0,62,5,0,35.02,28,0,487,0
19.94,0.2164,8,5,2,0.5,4,0,756,1
5.79,1.0,94,4,1,0.5,0,1,702,1
18.69,0.0,77,11,1,16.26,20,0,647,0
8.56,0.3601,87,0,3,0.5,18,0,593,0
1.0,0.0,132,0,1,16.25,9,0,526,0
8.99,0.1052,120,10,2,14.28,9,1,554,0
1.0,1.0,205,8,0,0.85,4,1,695,0
5.31,0.0,34,4,2,32.41,17,0,748,1
6.51,0.5398,146,4,1,0.5,3,0,621,1
28.64,0.0,120,7,1,20.83,17,1,617,0
13.03,0.0,121,6,2,14.49,24,0,645,1
2.66,0.0506,125,2,0,0.94,20,0,612,0
19.88,0.0,95,1,2,20.79,17,0,862,0
37.3,0.0,83,6,0,15.28,17,0,604,0
1.0,0.8025,188,10,0,0.5,1,1,659,0
28.38,0.0,42,4,5,31.45,5,0,638,0
11.36,0.9834,153,4,4,0.5,0,0,752,1
1.0,1.0,112,4,1,21.21,10,1,900,0
19.94,0.0,85,7,1,0.5,6,0,598,0
22.48,0.0,195,9,3,6.83,0,0,440,0
1.0,0.259,79,9,2,6.7,27,0,721,1
20.24,0.3153,0,0,0,0.6,5,0,692,1
6.2,0.1652,85,4,1,9.58,10,0,623,1
26.17,0.0295,0,10,0,1.04,23,0,645,0
28.4,0.0,84,3,0,0.5,16,0,702,0
1.0,0.4389,83,3,0,6.87,15,1,645,0
14.97,0.4681,54,0,4,0.5,0,0,770,1
1.0,0.6303,82,5,0,5.01,27,0,752,1
4.6,0.4769,125,4,2,11.56,6,0,844,0
12.93,0.0,109,4,6,60.33,4,0,738,0
6.31,0.0,78,0,4,22.63,7,0,750,0
9.09,0.0,81,5,1,27.35,15,0,626,0
8.82,0.0,49,3,1,15.62,13,0,585,0
45.18,0.0,6,8,1,13.92,5,1,397,0
10.27,0.0,147,7,0,8.24,10,0,467,0
19.61,0.0,82,4,3,16.97,8,0,487,0
1.02,0.0,63,7,6,33.66,10,0,703,0
1.0,0.8016,0,4,1,0.5,11,0,564,1
8.97,0.6734,63,4,2,0.5,1,0,900,1
11.57,0.0,133,1,1,22.02,12,0,478,0
7.75,0.0,194,6,2,28.11,0,0,786,0
18.66,0.0,129,4,2,40.7,19,0,642,0
20.23,0.0,153,3,3,0.5,22,1,390,0
4.92,0.0373,152,4,0,41.53,21,1,900,1
15.34,0.0,0,0,0,31.57,16,0,897,1
21.7,0.0,124,0,3,23.74,13,0,762,0
26.95,0.0,75,4,0,0.5,14,0,641,0
9.14,0.0,146,5,2,24.62,25,0,300,0
42.4,0.0,76,6,0,0.5,13,0,735,0
1.0,0.5017,0,5,1,17.32,9,0,871,1
11.53,0.0,207,3,1,26.9,1,0,628,0
25.98,0.0658,77,3,2,0.5,14,1,413,0
1.0,0.9272,153,1,3,0.5,16,0,900,1
18.25,0.0,68,1,0,0.5,13,0,689,1
1.0,0.6897,94,7,3,3.71,11,0,900,1
19.45,0.2672,164,3,5,18.88,0,0,900,1
8.27,0.0,163,2,1,26.74,23,0,828,0
2.02,1.0,209,0,6,0.5,0,0,693,0
20.51,0.0906,139,1,4,21.3,4,1,613,0
3.14,0.6022,80,0,4,0.5,5,0,604,1
9.51,0.3996,94,7,1,5.53,0,0,506,1
14.36,0.0,98,7,2,32.17,20,0,900,1
15.2,0.0,101,3,3,36.24,17,1,558,0
1.0,0.0,111,3,0,24.13,18,1,500,0
21.57,0.0,101,0,7,54.83,0,0,564,0
16.83,0.2786,135,6,3,10.46,0,0,637,1
1.0,0.8592,137,0,6,8.04,4,0,725,0
32.24,0.0,59,2,0,6.9,13,0,563,0
1.0,0.6496,120,7,4,0.5,13,0,546,0
1.0,0.7924,109,3,2,5.54,0,1,854,0
17.85,0.022,0,6,0,15.89,15,0,900,1
21.18,0.1668,16,1,1,2.28,4,0,837,1
36.55,0.0,92,1,1,22.47,7,1,415,0
27.14,0.0,150,3,6,48.36,1,0,701,0
2.76,0.0179,153,2,2,17.71,33,0,879,1
24.59,0.3562,97,5,0,0.5,3,0,840,1
1.0,1.0,199,0,1,0.5,0,1,717,0
19.55,0.1409,98,5,2,14.56,5,1,494,0
19.95,0.0,62,5,1,23.37,16,0,478,0
1.0,0.2191,155,2,0,13.47,12,1,580,0
20.8,0.0,110,3,2,18.11,9,0,640,0
31.8,0.0,61,2,2,34.33,7,0,602,0
3.25,0.1825,10,4,0,19.23,27,1,688,1
30.62,0.0,91,2,2,3.44,22,0,528,0
33.92,0.0,50,1,2,5.82,1,1,698,1
6.68,0.3082,110,7,2,0.5,0,0,747,1
1.0,0.3996,72,3,1,22.08,22,0,900,1
1.0,1.0,76,2,4,0.5,0,0,900,1
6.83,0.0,4,5,0,28.74,19,0,824,1
19.86,0.0,2,0,2,22.98,22,0,900,1
6.37,0.0,120,2,2,17.95,10,0,696,1
22.16,0.0,90,7,0,19.96,17,0,667,0
22.8,0.0,128,4,4,32.75,5,0,644,0
21.01,0.0,109,0,6,24.28,8,0,524,0
21.52,0.0,86,1,1,12.23,20,0,647,0
8.12,0.0,91,6,0,25.11,16,0,667,0
1.0,0.0,30,6,2,26.48,28,0,300,0
5.12,0.0,0,7,0,34.7,25,0,900,1
34.31,0.0,0,3,4,8.39,0,1,462,1
15.81,0.6941,133,3,2,0.5,0,0,665,1
13.69,0.0,103,3,4,59.2,14,0,606,0
1.0,0.2279,118,1,1,7.31,9,1,617,0
7.24,0.3791,201,2,5,29.23,13,0,900,1
17.18,0.0,175,4,2,16.01,9,1,553,0
2.21,0.0,42,5,3,28.88,19,0,300,0
16.11,0.5708,0,5,1,0.5,23,0,774,0
12.93,0.0,99,4,0,24.31,5,0,777,0
26.84,0.0,80,1,5,19.11,11,1,657,0
16.79,0.0,100,0,0,0.5,20,0,657,1
14.1,0.0639,113,7,2,18.45,3,1,426,0
5.8,0.5554,92,3,1,0.5,1,0,900,1
9.14,0.0,77,8,1,28.16,15,0,480,0
2.49,0.4279,0,3,0,0.5,21,0,663,1
3.15,0.0,152,1,4,35.49,9,0,741,0
1.0,0.0,158,3,3,36.71,18,0,664,0
15.17,0.3256,109,6,0,0.5,6,0,593,0
2.1,0.6765,120,1,3,0.5,0,0,646,1
12.22,0.0,75,4,0,27.81,8,0,731,0
10.34,0.0,124,3,2,33.96,13,1,581,0
27.21,0.5799,55,3,1,0.5,0,1,674,1
21.41,0.0,91,0,1,31.9,14,0,656,0
1.0,1.0,86,0,1,0.5,6,0,900,0
1.0,0.0,149,0,5,49.19,8,0,604,0
32.68,0.0,52,5,2,37.35,14,0,595,0
8.19,0.7473,152,7,2,0.5,3,0,717,1
18.75,0.0,90,6,0,16.53,19,1,596,0
1.0,0.0,178,9,1,10.54,17,0,747,0
17.42,0.2569,0,7,1,11.02,7,0,851,1
24.96,0.0,24,4,1,28.22,12,0,397,1
11.74,0.734,1,2,3,0.5,0,0,900,1
1.0,0.4181,26,4,1,7.6,6,0,658,1
1.0,0.4347,32,5,1,6.57,3,0,594,1
1.0,0.0917,25,6,0,31.41,24,0,900,1
8.87,0.7379,117,9,4,0.5,0,1,596,1
11.56,0.0,168,0,2,23.38,23,0,859,1
19.7,0.0,76,2,0,33.87,0,0,792,1
4.64,0.0838,94,3,1,22.17,17,0,812,1
24.55,0.0,79,7,2,41.67,12,0,754,0
16.99,0.0,88,9,1,29.68,6,1,370,0
5.32,0.2695,94,6,0,0.5,9,0,714,1
1.29,0.6351,210,1,5,10.46,19,0,900,1
12.96,0.2241,36,0,0,16.02,25,1,737,0
1.0,0.1873,55,2,0,21.84,19,0,794,1
9.03,0.5424,0,1,3,2.8,1,0,807,1
2.95,0.9212,146,3,1,0.5,6,1,662,1
1.0,1.0,97,4,4,0.5,15,0,900,1
1.0,1.0,16,1,1,8.57,0,0,900,1
19.06,0.0,21,5,4,36.3,18,1,411,1
1.0,0.609,71,4,2,5.92,24,0,871,1
26.27,0.0,97,5,2,25.72,12,0,733,0
10.21,0.0,84,4,0,16.34,16,0,608,1
9.08,0.3915,118,2,1,13.33,2,1,702,1
35.06,0.0,21,5,6,1.31,0,1,550,1
15.77,0.0,108,5,3,43.9,16,0,808,0
1.0,0.419,42,1,3,17.83,6,1,712,1
42.52,0.0,24,0,1,15.1,12,1,458,0
7.91,0.5598,107,2,4,16.01,0,1,572,0
26.06,0.201,47,5,2,0.5,0,0,702,1
8.09,0.2203,70,5,0,27.94,18,1,734,0
35.32,0.7001,48,3,2,0.5,0,0,655,1
1.0,0.0,94,4,3,27.05,12,0,690,0
38.56,0.4884,25,3,1,0.5,0,0,715,0
1.0,0.0431,163,0,0,28.65,10,1,622,0
4.11,0.126,37,5,1,18.61,8,0,712,1
9.32,0.1653,143,5,4,29.94,8,1,615,0
1.0,0.83,153,10,1,17.36,0,1,900,0
1.0,0.2732,172,9,0,19.42,0,1,722,1
9.33,0.4964,82,4,2,0.5,0,0,840,1
25.46,0.7202,19,8,3,0.5,0,1,809,1
19.96,0.0,90,3,0,0.5,14,0,559,0
20.81,0.449,0,0,1,0.5,5,0,900,1
10.87,0.0,45,0,7,28.87,11,0,485,0
26.97,0.0,107,3,0,0.5,15,0,837,0
1.81,0.0,135,2,3,26.79,15,0,794,0
16.78,0.1136,0,8,5,26.29,6,0,900,1
1.0,0.9004,69,3,2,0.5,0,0,614,1
9.87,0.0,84,0,3,23.13,10,0,696,1
23.56,0.0,4,5,2,24.13,26,0,619,0
8.67,0.0682,102,2,0,33.18,12,0,900,1
1.0,0.5044,97,1,4,11.93,7,0,727,0
16.2,0.0,66,0,0,44.95,10,0,900,1
1.26,0.0,141,1,1,17.62,15,0,436,0
16.67,0.0,97,8,1,8.49,21,0,418,0
18.51,0.0,88,3,5,26.33,10,0,650,0
12.75,0.0,17,3,5,15.95,8,0,812,0
4.75,0.1366,73,5,1,21.32,16,0,817,1
9.31,0.0732,43,2,1,19.23,15,1,720,0
22.89,0.0,132,5,1,27.37,17,0,587,0
3.14,0.3345,142,3,2,7.58,12,1,631,0
43.53,0.0,78,4,0,31.61,13,1,503,0
3.07,0.2975,79,0,0,2.37,9,0,692,0
19.4,0.7045,91,6,0,0.5,0,1,640,1
34.64,0.0,25,3,4,50.52,3,0,436,0
38.87,0.0,40,5,2,0.5,17,0,474,0
16.56,0.6616,0,0,0,0.5,2,0,823,1
14.17,0.0,87,4,2,24.96,18,0,742,0
11.67,0.0,104,7,0,21.99,16,0,517,0
40.65,0.0,8,1,3,45.24,9,0,647,0
22.19,0.0,94,3,2,4.9,6,0,593,0
1.0,0.5032,153,0,4,12.89,3,0,644,0
4.39,0.2358,12,5,3,27.78,18,1,871,0
18.19,0.0884,193,0,2,10.57,6,1,590,1
1.0,1.0,103,7,4,0.5,0,1,622,1
18.57,0.0,38,0,1,44.03,3,0,800,1
21.16,0.0,42,0,0,30.83,0,0,775,1
18.97,0.2246,0,4,2,6.79,3,0,790,1
21.54,0.0,91,6,1,29.35,13,0,519,0
1.0,0.0,105,0,3,27.98,12,0,476,0
33.66,0.0,14,6,3,15.69,1,1,474,0
7.48,0.4084,282,6,6,0.5,22,1,798,1
1.0,0.0,145,8,0,9.64,6,0,591,0
23.45,0.0,49,2,2,14.71,6,0,529,0
1.0,0.5562,46,3,0,9.51,16,0,720,0
13.85,0.0,30,8,4,25.64,16,0,756,0
5.85,0.317,0,3,0,14.42,13,0,807,1
8.42,0.8504,121,1,1,0.5,0,1,548,0
20.48,0.0,93,3,2,0.5,21,0,586,0
13.35,0.0474,105,5,3,15.53,5,0,652,0
13.89,0.3513,124,3,2,8.42,0,1,837,0
51.47,0.0,33,6,3,43.56,8,0,554,0
1.0,0.6979,9,6,0,10.9,25,1,704,1
39.58,0.0,43,9,1,0.5,15,0,574,0
13.01,0.0,37,0,3,58.88,12,0,900,1
11.48,0.5983,72,8,0,0.5,4,0,790,1
6.31,0.2714,19,0,0,28.14,0,0,837,1
1.0,0.3828,141,3,3,7.75,7,0,653,0
9.62,0.0,103,3,0,26.91,23,0,674,0
21.06,0.0,128,1,2,18.1,14,0,745,0
25.93,0.0,60,3,1,22.5,17,0,839,0
1.0,0.779,126,6,4,2.49,9,0,900,1
1.0,0.2101,175,3,0,10.35,18,1,518,0
1.0,0.5818,134,5,2,2.63,19,0,761,1
1.0,0.2786,111,5,1,13.9,17,1,610,0
8.8,0.0,98,4,2,33.71,21,0,348,0
1.0,0.741,82,2,0,0.5,5,0,890,0
19.43,0.0,109,5,4,30.43,0,0,634,0
1.0,0.2337,107,5,3,11.38,9,0,630,0
8.86,0.7196,110,8,0,0.5,2,0,780,1
30.79,0.0,0,6,5,18.11,1,0,837,1
18.13,0.5779,89,9,1,0.5,8,0,900,1
1.0,1.0,113,6,4,0.5,9,0,632,1
3.63,0.0,32,2,2,17.77,29,0,300,0
31.34,0.0,96,2,2,14.62,13,0,491,0
10.58,0.9619,0,3,3,0.5,0,1,870,1
4.41,0.5215,185,9,3,0.5,11,1,650,1
1.0,0.0,31,2,6,30.51,19,0,528,0
11.54,0.2834,0,12,2,17.21,10,0,900,1
35.44,0.0,141,7,1,57.8,3,1,800,1
1.0,0.2166,140,5,4,25.79,13,0,633,0
23.86,0.0,127,5,2,0.5,21,0,678,0
1.0,0.6622,70,4,0,1.36,6,0,870,1
5.14,0.0,90,6,0,42.11,23,0,900,1
4.25,0.0,117,1,4,14.92,6,0,683,0
3.53,0.0257,87,3,0,28.88,22,0,874,1
1.0,0.8813,103,1,5,0.5,18,0,900,1
21.08,0.0,76,4,0,1.14,20,0,665,0
34.4,0.2253,0,2,2,3.94,3,0,892,1
2.7,0.0,109,5,1,14.95,20,0,413,0
1.0,0.8192,119,0,0,14.92,24,0,900,1
41.58,0.0,193,8,1,23.05,13,1,300,1
8.8,0.0126,0,2,3,17.34,10,0,900,1
1.0,0.0,185,3,3,25.5,2,0,341,0
24.43,0.0,68,2,3,18.87,9,0,582,0
1.0,1.0,114,3,1,0.5,27,0,839,1
15.27,0.5681,111,2,0,0.5,0,1,657,1
9.46,0.5384,61,0,4,0.5,0,0,840,1
6.44,0.0925,115,5,3,17.56,9,0,773,0
15.58,0.0,86,0,4,18.47,9,1,582,0
1.0,1.0,154,7,0,0.5,1,0,716,1
3.05,0.0,108,2,1,23.49,12,0,503,0
8.56,0.0,110,8,2,0.5,23,0,755,0
10.8,0.7398,0,7,1,0.5,9,0,750,1
1.0,0.0,92,6,1,11.86,10,0,524,0
29.42,0.4232,53,1,0,0.5,0,0,809,1
21.05,0.0,97,0,4,29.76,15,0,426,0
3.35,0.0,108,8,4,0.5,17,0,438,0
21.79,1.0,0,6,0,0.5,2,0,900,1
22.54,0.0,0,11,5,21.79,2,0,727,0
53.59,0.0,0,9,0,40.67,17,0,501,0
16.17,0.3176,130,3,1,0.5,11,1,441,0
1.0,0.4849,0,7,0,22.46,25,1,697,0
17.01,0.2147,125,2,1,20.8,0,0,755,1
3.21,0.0,116,7,7,75.54,4,0,709,0
8.91,0.0,143,8,5,37.69,7,0,681,0
17.96,0.0525,140,0,1,24.04,10,1,493,0
1.0,0.0,132,1,0,13.55,17,0,393,0
1.0,0.6682,162,1,6,1.69,18,0,900,1
15.89,0.0,96,3,1,9.67,11,0,625,0
3.81,0.0317,40,1,1,23.21,26,0,891,1
1.0,0.1098,31,6,0,26.57,17,0,812,1
12.05,0.0,89,3,1,16.94,22,0,756,0
33.33,0.0,92,1,1,32.91,16,0,611,0
35.17,0.356,6,5,2,0.5,0,0,896,1
24.12,0.1511,88,2,1,0.5,19,1,612,0
15.17,0.5608,80,8,0,0.5,2,1,619,1
11.13,0.7504,44,5,0,0.5,1,0,715,1
29.97,0.0,66,5,3,23.45,14,0,664,0
6.51,0.0,0,0,2,19.43,23,0,645,0
1.0,0.2777,82,2,2,29.21,13,1,778,0
1.0,0.0,30,0,2,25.8,28,0,755,1
4.25,0.0,143,5,3,36.9,14,0,758,0
3.54,0.2058,143,4,1,7.31,11,0,702,0
9.64,0.675,143,4,3,0.5,0,1,757,1
50.6,0.0,77,2,2,16.87,23,1,502,0
15.13,0.0,109,9,3,44.49,5,1,519,0
3.05,0.0,151,0,2,35.32,4,0,509,0
23.07,0.0,47,5,0,19.94,19,0,772,0
9.1,0.0,129,2,2,0.5,19,0,691,0
17.98,0.0,143,0,4,38.4,5,0,695,0
2.52,0.0,0,0,2,45.77,14,0,871,1
19.34,0.0,154,6,2,36.47,9,0,900,1
4.95,0.5831,89,4,1,23.29,11,1,900,0
8.54,0.6441,212,4,5,0.54,6,0,789,1
18.68,0.0,123,0,2,5.58,0,0,642,0
1.0,0.4679,100,7,2,10.28,23,0,833,1
7.61,0.0,148,5,0,24.73,24,0,732,0
28.58,0.7915,104,0,0,0.5,0,1,435,1
6.21,0.2161,14,11,0,9.58,26,0,621,0
23.74,0.0,98,4,0,13.4,21,0,800,1
10.26,0.2452,192,3,4,24.54,15,0,900,1
15.2,0.0,67,0,3,29.87,15,0,327,0
19.22,0.011,184,4,4,13.99,11,0,699,1
1.0,0.9038,26,8,1,2.63,10,1,534,1
1.0,1.0,152,0,4,0.5,16,0,900,1
38.34,0.0,66,2,3,43.85,5,1,506,0
20.04,0.0,111,0,5,24.44,3,0,676,0
1.0,0.2968,0,2,3,9.89,15,0,822,0
8.56,0.0,38,0,3,25.45,19,0,529,0
20.55,0.0,105,6,0,16.71,17,0,559,0
1.0,0.9049,137,0,0,0.5,0,0,885,0
1.0,0.3623,89,5,0,30.63,15,0,900,1
50.07,0.0,0,6,0,18.39,19,0,603,0
6.63,0.0,99,0,1,6.76,19,0,896,0
25.4,0.0,0,3,7,15.83,21,0,523,0
24.04,0.0,97,1,2,11.33,9,0,637,0
16.02,0.0,73,0,0,0.5,14,0,537,0
16.69,0.0417,71,6,1,0.5,10,0,550,0
1.0,0.4837,228,5,1,21.36,0,1,690,0
34.24,0.0,35,0,1,29.17,26,0,668,0
20.65,0.3033,237,4,2,23.3,0,1,770,1
10.99,0.0,23,0,2,26.39,21,0,360,0
5.82,0.884,132,4,6,0.5,0,0,660,0
26.29,0.0,189,2,2,37.95,20,0,900,1
33.16,0.0,57,0,0,28.29,15,0,625,0
1.0,0.0,66,11,3,21.43,11,0,722,0
26.17,0.0,155,6,1,23.16,13,1,520,0
32.66,0.0,67,3,0,30.89,23,0,659,1
16.44,0.0,79,3,7,35.26,11,0,328,0
1.0,0.1579,110,4,2,14.29,9,1,681,0
4.19,0.2768,96,1,1,0.5,9,0,583,0
1.0,0.1974,91,5,2,9.51,10,1,635,0
16.93,0.2946,233,4,4,30.91,5,0,900,1
9.49,0.3357,68,0,2,19.36,3,0,900,1
4.53,0.0,142,0,2,24.07,3,0,547,0
13.42,0.0771,116,5,1,22.7,3,0,728,1
28.92,0.2723,51,5,4,0.5,0,1,699,1
1.0,0.0,230,2,2,37.92,24,0,875,0
42.35,0.0,65,4,2,5.36,2,1,516,0
8.81,0.0598,77,2,0,20.56,6,0,639,1
15.06,0.0,112,2,0,18.75,22,0,629,1
12.48,0.4849,82,0,0,0.5,6,1,335,0
1.0,0.5283,40,3,1,20.03,18,1,746,0
22.94,0.0,98,3,3,39.9,4,1,415,0
27.0,0.0,1,2,1,19.9,18,0,740,0
27.77,0.0,53,2,1,32.09,17,0,571,0
25.63,0.0,155,4,1,46.36,19,1,823,1
1.0,0.1475,119,9,1,0.5,5,0,646,0
2.68,0.5431,179,3,0,2.89,0,1,745,0
5.12,0.0,113,6,8,27.93,0,0,890,0
23.61,0.0,94,7,2,26.52,8,0,576,0
25.23,0.214,9,4,3,4.07,1,0,900,0
1.0,0.2935,153,5,1,7.53,12,0,612,0
2.59,0.0,0,1,5,17.66,20,0,840,0
26.96,0.3369,0,0,0,0.5,6,0,826,1
1.0,0.1429,85,5,0,32.85,30,0,900,1
1.0,0.0142,105,1,1,20.53,12,0,632,0
1.0,0.9619,123,3,2,0.5,16,0,738,0
15.7,0.0,127,2,3,42.52,24,0,849,0
43.09,0.2844,0,3,6,0.5,0,1,752,1
17.36,0.3317,111,1,2,0.5,11,0,784,0
1.0,0.6563,142,3,1,12.46,22,0,900,1
1.0,0.8022,200,6,6,0.5,20,0,804,1
1.0,0.7596,103,2,1,27.14,0,0,900,1
1.0,0.0414,93,7,3,26.04,14,1,584,0
17.22,0.0,133,1,0,11.81,20,0,723,0
16.49,0.4272,44,9,2,0.5,0,0,704,1
3.94,0.0,128,4,2,11.52,9,0,536,0
39.78,0.0,0,2,3,23.9,10,0,900,1
5.33,0.1394,144,6,3,10.03,20,0,748,1
3.7,0.7034,115,2,4,1.39,3,0,620,0
20.73,0.0,68,4,0,13.61,21,0,689,1
7.04,0.0,103,1,0,13.62,17,0,484,0
17.23,0.0079,12,3,5,15.09,1,0,861,1
36.53,0.3012,20,4,0,0.5,0,0,591,1
28.23,0.0,113,0,1,20.21,21,0,548,0
2.93,0.0,152,6,2,27.78,15,0,786,0
25.72,0.6211,0,7,0,0.5,4,0,900,1
30.13,0.0,65,9,0,15.95,24,0,742,0
1.12,0.3018,72,4,0,18.22,19,1,676,0
21.06,0.0,94,0,0,9.26,16,0,556,0
1.0,0.4139,119,3,0,23.66,10,0,813,0
1.0,0.0493,106,1,6,11.48,0,0,818,0
12.32,0.4168,48,1,0,0.5,10,0,875,1
16.64,0.8656,0,6,3,0.5,0,0,900,1
2.84,0.0,66,0,4,31.67,9,0,552,0
1.0,0.685,81,5,1,2.39,15,0,661,0
31.53,0.0,106,0,1,30.98,15,0,677,0
1.0,0.0,161,5,0,14.67,5,0,564,0
27.89,0.5684,0,2,3,0.5,0,0,770,1
1.0,0.0,56,5,0,21.75,15,0,665,0
1.0,0.4282,159,4,1,1.42,3,1,561,0
13.4,0.0,134,8,0,13.91,16,0,602,0
18.85,0.0,92,11,4,15.61,13,0,713,1
25.47,0.0,0,10,2,29.88,15,0,900,1
1.0,0.0,139,2,0,10.2,12,0,414,0
5.13,0.5146,153,3,2,11.05,5,0,798,1
1.0,0.7375,134,0,1,9.42,2,0,818,0
1.0,0.1226,87,2,4,19.58,9,0,691,1
8.4,0.0,127,0,0,33.21,21,0,401,0
23.29,0.0,89,4,0,33.5,0,1,733,1
5.48,0.0,130,2,1,30.21,14,1,501,0
1.0,1.0,116,4,5,3.36,20,0,900,1
22.37,0.0,81,4,3,18.53,10,0,786,0
21.98,0.0,79,2,3,36.45,5,0,441,0
1.0,0.0,0,1,5,20.75,20,0,691,0
17.96,0.0812,93,3,3,23.94,7,1,531,0
12.23,0.1074,140,10,1,34.18,9,0,900,1
13.5,0.0,114,0,2,26.72,11,0,361,0
14.88,0.0,58,0,1,22.18,4,1,442,1
1.0,0.544,51,0,0,10.93,19,0,848,1
16.78,0.3551,142,2,4,21.23,1,1,569,0
19.03,0.572,6,6,1,0.5,2,0,893,1
36.57,0.0,6,8,2,8.87,5,0,899,1
15.62,0.0,32,0,2,30.07,24,0,460,0
1.0,0.0,116,4,3,14.04,20,0,419,0
1.0,0.0,114,0,0,12.9,10,0,630,0
1.0,0.2278,57,7,1,18.73,25,0,467,0
16.51,0.2495,142,5,2,12.21,8,1,384,0
1.0,0.6802,159,6,4,0.5,19,0,794,1
9.27,0.0,180,1,1,26.86,8,1,655,0
1.0,0.0,85,4,1,26.43,23,0,472,0
5.1,0.0667,53,6,2,7.52,5,0,585,1
27.76,0.0,123,7,1,13.18,5,1,451,1
11.22,0.0,73,3,2,18.93,12,0,779,0
36.05,0.0,3,6,1,13.11,2,1,421,0
1.0,0.0,120,4,3,28.78,5,0,707,0
18.12,0.1302,114,7,0,28.99,0,1,736,1
1.0,0.5066,22,1,1,20.39,0,0,899,1
1.0,0.411,141,0,2,11.93,13,0,581,0
9.58,0.0,74,7,0,14.51,12,0,411,0
22.98,0.0,104,3,0,0.5,5,0,557,0
13.37,0.0,66,3,0,12.52,8,0,747,1
4.35,0.0,47,5,0,21.24,20,0,691,1
19.06,0.1875,92,3,1,1.63,6,1,322,0
27.3,0.0,111,10,0,32.58,18,1,484,0
1.0,0.0,145,4,0,8.58,7,0,551,0
1.0,0.0384,0,6,4,24.32,16,0,625,1
25.59,0.65,0,9,2,0.5,0,0,846,1
19.67,0.8313,0,5,1,0.5,7,0,900,1
15.84,0.0172,97,6,2,0.5,15,0,570,0
29.89,0.6259,21,4,3,0.5,0,0,732,0
29.99,0.1928,0,3,0,3.17,7,0,880,1
1.0,0.3656,177,3,2,0.5,10,0,790,0
1.0,0.933,114,1,5,0.5,9,0,770,1
18.91,0.0,119,3,2,15.32,12,0,684,0
1.0,0.3121,134,1,2,20.18,27,0,900,0
19.39,0.1304,30,4,0,11.52,9,0,900,1
1.0,0.0,149,5,1,1.66,18,0,682,1
1.0,0.5252,108,4,4,13.28,7,0,667,0
23.39,0.0,98,9,0,0.5,15,1,431,0
1.0,0.6691,68,8,0,16.76,14,1,837,0
21.73,0.2662,32,9,0,6.53,3,1,622,1
32.32,0.0,25,5,0,0.5,7,0,537,0
1.0,0.2054,188,8,0,6.89,1,0,602,0
33.58,0.0,74,1,2,18.92,27,0,579,0
21.7,0.2212,6,1,2,6.48,14,0,858,1
16.99,0.7874,56,5,1,0.5,0,1,545,1
18.58,0.0,91,6,0,2.57,18,0,518,0
25.32,0.0,36,7,2,4.36,17,0,647,0
6.13,0.0,81,0,5,59.81,14,0,623,0
8.57,0.0,65,4,0,22.82,17,0,697,1
1.0,0.4464,0,1,2,11.26,21,0,714,0
10.59,0.132,139,3,4,32.13,2,1,529,0
23.09,0.0,56,5,2,30.46,5,1,434,1
24.26,0.0,84,6,2,22.44,10,0,658,1
5.35,0.0,0,9,3,41.36,23,0,740,0
12.1,0.0,31,2,1,22.81,22,0,583,0
7.39,0.0,110,3,2,23.57,17,0,372,0
27.24,0.0,80,0,2,0.5,12,0,476,0
1.0,0.5832,40,3,1,25.28,13,0,900,0
3.05,0.8997,108,3,0,0.5,6,1,412,0
14.48,0.0,119,8,4,15.66,9,0,564,0
30.04,0.0,4,3,0,5.19,8,0,900,1
39.2,0.0,0,7,0,11.68,16,0,616,0
32.29,0.4912,0,6,2,0.5,2,0,900,1
10.54,0.1124,68,0,4,0.5,22,0,475,0
1.0,0.9206,187,3,0,18.99,2,1,776,0
1.0,0.6498,158,5,2,4.2,13,0,754,1
1.0,0.0,96,0,2,23.66,16,0,567,0
36.29,0.0,70,3,0,12.91,12,1,433,0
30.25,1.0,21,1,3,0.5,0,1,779,1
1.0,0.054,99,1,1,10.06,17,0,610,0
11.21,0.6235,89,6,0,0.5,1,0,740,1
3.72,0.0,37,2,1,23.74,25,0,619,0
23.82,1.0,62,0,6,0.5,0,1,801,0
27.99,0.0,23,5,0,33.5,4,0,534,1
31.34,0.0,140,9,2,24.31,10,0,478,0
54.64,0.0,22,1,7,15.2,0,1,637,1
1.0,0.3401,121,2,1,8.85,10,0,618,0
1.0,1.0,84,0,0,0.5,8,0,846,0
26.03,0.3572,55,0,2,0.5,0,0,685,1
1.0,0.9157,102,7,2,5.53,23,0,900,1
19.5,0.0,96,2,0,17.86,12,0,801,1
1.0,0.2805,94,4,4,16.34,8,0,730,0
15.05,0.0,65,2,4,61.23,17,0,593,0
19.31,0.0,106,5,4,56.63,9,0,578,0
1.0,0.3999,118,6,1,16.3,8,1,719,0
19.58,0.0,201,3,1,18.09,0,0,514,0
1.0,0.0,144,5,1,34.54,20,0,662,1
30.49,0.0,0,7,3,15.75,4,0,733,1
31.89,0.0,38,5,1,32.43,4,1,347,0
22.93,0.0,167,7,3,7.85,16,1,482,1
10.89,0.0,122,6,0,22.41,20,0,790,0
35.34,0.0,89,7,1,27.77,18,0,835,0
1.0,0.2962,92,5,0,23.73,17,0,704,0
1.0,0.0541,14,0,1,26.14,33,0,592,0
1.0,0.2219,149,3,0,19.08,6,0,555,0
38.87,0.0,27,0,3,5.96,24,0,579,0
1.0,0.7015,0,4,0,0.5,14,0,594,0
7.62,0.0303,59,5,0,30.55,5,0,786,1
26.12,0.0,10,6,2,45.44,18,0,732,1
22.28,0.0,101,11,1,3.97,7,0,575,0
44.13,0.0,0,3,2,16.97,6,0,808,1
2.28,0.5892,243,7,5,26.66,17,0,900,1
1.0,0.5252,96,8,3,28.78,9,0,900,1
36.71,0.7228,1,3,1,0.5,0,0,730,1
16.91,0.0,111,3,6,19.85,1,0,665,0
17.71,0.0,62,2,1,8.57,6,0,385,1
16.02,0.0,116,5,2,13.76,10,0,655,1
19.17,0.0,134,3,2,33.68,9,1,615,0
20.54,0.4402,23,4,1,0.5,0,0,646,1
39.41,0.0,20,3,2,10.47,19,0,600,0
14.14,0.333,129,4,1,5.64,8,1,602,0
27.08,0.0361,0,3,1,11.28,7,0,835,1
28.32,0.0,114,5,0,18.65,16,0,599,0
32.89,0.8709,16,5,0,0.5,0,1,650,0
32.58,0.0,20,3,3,31.89,8,0,490,0
33.46,0.0,35,0,0,20.11,16,0,623,0
7.07,0.1225,23,0,1,30.74,3,0,784,1
2.0,0.0,106,10,3,40.46,17,1,482,0
40.55,0.0,43,4,3,0.5,19,0,698,0
10.74,0.2501,17,0,1,10.53,5,0,760,1
8.27,0.5378,26,6,6,1.19,0,1,851,1
1.0,0.3333,130,0,1,13.34,18,1,549,0
11.72,0.4387,0,7,1,4.59,7,0,877,1
28.44,0.6449,88,7,1,0.5,3,0,786,1
12.28,0.7023,18,0,1,0.5,4,0,782,1
15.51,0.0,189,0,2,2.81,6,0,370,0
1.0,0.5355,0,8,0,0.5,4,0,300,1
17.25,0.2816,122,3,1,6.85,0,0,889,0
11.08,0.0,89,4,3,20.52,8,0,569,0
24.85,0.0,71,2,3,46.66,3,0,480,0
7.63,0.0,0,1,1,20.89,16,0,721,1
15.18,0.0,64,3,0,12.57,22,0,539,0
5.21,0.0,102,1,3,3.99,16,0,454,0
16.27,0.0,57,3,2,33.17,14,0,737,0
8.8,0.3403,33,5,1,5.43,6,0,891,1
1.0,0.3331,107,4,1,10.04,20,0,754,1
1.0,0.4583,175,3,6,45.2,3,1,489,0
27.04,0.0,71,2,0,15.64,10,0,612,0
24.18,0.1588,92,9,0,0.5,14,0,617,0
22.48,0.0,150,3,2,6.16,26,0,749,0
1.0,0.5761,59,3,0,19.43,9,0,900,1
37.5,0.0,108,10,0,54.95,16,1,852,1
29.33,0.2688,0,0,1,8.22,5,1,755,1
15.18,0.0,93,6,0,29.46,13,0,742,1
5.12,0.0,35,2,0,12.71,13,0,708,1
6.29,0.4216,74,3,1,27.96,0,0,900,1
25.86,0.0,107,0,1,16.73,24,0,607,0
27.87,0.0,84,2,1,21.3,12,0,573,0
14.82,0.0,129,3,2,13.39,2,0,639,0
1.0,1.0,163,1,6,0.5,24,0,900,1
1.37,0.2927,81,6,0,13.31,12,0,776,0
19.71,0.6483,0,8,0,2.84,11,0,900,1
11.02,0.0,122,10,0,20.29,17,0,596,0
8.44,0.0,29,6,4,17.15,6,0,772,0
1.0,0.5012,211,2,0,5.26,19,1,613,0
1.0,0.2943,83,0,0,14.48,16,1,571,0
13.99,0.0,135,3,2,16.13,5,0,541,0
10.02,0.0,43,5,0,26.37,11,0,715,1
8.6,0.6543,162,3,4,11.12,0,0,900,1
6.85,0.1541,146,4,1,10.91,16,1,604,0
14.1,0.0,64,3,2,16.57,11,0,598,0
15.52,0.4476,19,0,3,1.89,2,0,849,1
1.0,0.5542,82,3,6,12.93,5,1,900,0
14.13,0.5478,10,2,2,0.5,0,0,792,1
1.0,0.9065,115,8,2,23.88,6,0,900,1
1.0,0.5141,47,2,1,24.5,26,0,900,1
16.31,0.1559,104,0,2,24.72,0,0,837,1
32.22,0.0,31,3,2,26.31,10,0,488,0
19.66,0.0,84,2,1,47.31,14,0,421,0
19.15,0.0,0,3,2,23.33,26,0,368,0
42.61,0.0,101,4,0,16.91,18,0,637,0
11.09,0.0,0,5,4,34.89,12,1,575,1
8.93,0.9196,22,0,2,0.5,0,1,548,1
27.58,0.0,96,2,1,21.9,21,0,554,0
1.0,0.4658,88,4,0,30.1,24,0,900,1
24.12,0.1002,0,1,0,16.92,15,0,900,1
12.04,0.5449,101,0,0,0.5,2,0,676,1
4.0,0.0524,95,5,0,13.55,21,1,545,0
9.2,0.0,64,2,5,30.84,17,1,594,0
6.96,0.4482,38,5,1,28.08,0,0,900,1
17.78,0.0,63,5,4,45.76,10,0,585,0
33.77,0.0,75,4,0,30.23,16,0,540,0
25.17,0.0,84,1,5,22.38,6,0,753,0
1.0,0.2683,173,0,3,34.86,29,0,900,1
1.0,0.1845,0,1,0,25.71,11,0,850,1
7.67,0.0,139,4,2,15.45,15,0,807,0
1.0,0.8295,0,2,3,5.8,17,0,711,0
49.22,0.0,0,3,6,3.13,0,0,900,1
1.0,0.5942,196,5,3,27.52,10,0,900,1
1.0,0.4375,83,7,3,4.65,9,0,695,0
3.24,0.4236,73,6,1,5.84,6,0,872,1
9.09,0.337,0,7,4,24.54,8,0,900,1
22.73,0.0,136,2,2,28.22,6,0,782,1
1.0,0.736,47,3,0,11.96,5,0,854,1
8.43,0.0,153,6,2,42.42,13,1,569,0
24.1,0.0,107,0,2,14.92,25,0,711,0
50.16,0.0,0,2,1,8.21,7,0,900,1
9.26,0.0,134,4,2,28.08,14,1,535,0
7.77,1.0,0,2,0,0.5,1,0,881,1
12.95,0.2647,16,7,0,7.07,11,0,837,1
20.69,0.0,0,0,2,12.5,7,0,785,1
1.0,0.1193,54,0,1,27.33,26,0,868,1
29.62,0.0,80,4,3,36.37,7,1,458,0
1.0,1.0,119,3,4,0.5,13,0,900,1
3.28,0.5504,119,1,2,16.92,1,0,833,1
4.04,0.3838,159,3,3,26.53,15,0,900,1
5.63,0.8721,27,8,2,0.5,0,1,712,0
1.0,0.0,128,4,0,19.18,11,0,356,0
7.39,0.1198,26,5,1,18.05,14,0,817,0
11.15,1.0,22,4,0,0.5,0,0,891,1
6.46,0.0,74,9,0,5.91,18,0,613,0
29.12,0.0,87,1,2,33.65,9,0,661,1
20.02,0.0,70,3,1,22.67,12,0,643,0
22.48,0.1699,14,1,0,9.85,9,0,900,1
1.0,0.0,124,0,4,41.75,9,1,761,0
1.0,0.0,64,5,4,29.51,15,0,580,0
2.13,0.0802,2,2,4,21.27,12,0,900,0
36.52,0.0,133,1,3,0.5,23,0,741,0
3.86,0.0,39,9,3,23.0,13,0,736,0
1.0,0.0,26,0,2,26.69,20,0,540,0
9.56,1.0,101,0,0,0.5,0,1,619,1
31.78,0.0,61,3,2,45.87,18,0,598,0
18.29,0.0,45,5,6,25.25,9,0,596,0
1.0,0.6982,130,11,2,13.13,7,0,900,1
1.0,0.3428,67,7,1,11.35,30,0,822,1
30.32,0.0,2,5,3,5.1,1,0,708,0
19.57,0.3476,17,3,0,0.5,6,0,393,0
13.91,0.0,159,5,2,29.15,5,0,406,0
16.01,0.0,88,6,2,29.86,9,0,588,0
1.0,0.6499,0,7,1,9.87,20,0,822,0
21.43,0.0,121,7,0,2.29,17,0,753,0
30.53,0.3943,2,1,0,0.5,6,0,900,1
27.47,0.0,134,4,1,10.26,5,0,760,0
9.75,0.0,92,4,0,3.84,14,0,610,0
30.93,0.0,53,5,3,0.5,25,0,680,0
3.77,0.5192,100,6,2,15.81,4,1,900,0
22.71,0.0972,12,2,3,10.29,1,0,804,1
1.0,1.0,197,6,8,0.5,5,0,812,1
1.0,1.0,95,5,1,1.1,8,0,856,1
1.0,0.7775,4,2,1,14.27,5,0,820,1
26.28,0.0,92,4,4,47.71,5,1,390,0
35.92,0.0,44,5,2,0.5,20,0,656,1
14.86,0.0,147,0,1,33.05,12,1,552,0
39.18,0.0,130,3,0,57.49,0,1,900,1
31.87,0.0,89,5,3,41.67,8,0,758,0
1.0,0.5501,0,7,0,15.83,28,0,789,0
19.23,0.7964,25,9,2,0.5,0,1,849,1
35.25,0.0,103,0,2,21.89,13,0,839,0
2.32,0.0,130,2,0,20.31,10,0,489,0
34.77,0.0,50,4,1,0.5,4,0,820,1
37.58,0.0,31,2,0,21.9,17,0,461,0
1.0,0.0,142,6,0,16.59,4,0,551,0
6.86,0.0,136,0,3,27.97,6,0,706,1
25.64,0.0,61,9,1,0.5,14,0,760,0
11.43,0.0,136,4,2,23.18,7,0,625,0
15.81,0.0,149,7,1,30.06,8,0,329,0
15.38,0.0,0,5,4,21.47,19,0,806,0
11.44,0.0,107,0,1,14.28,20,0,650,1
33.87,0.0,66,1,2,41.47,12,0,572,0
20.52,0.0,65,0,1,6.74,5,0,417,0
10.75,0.1355,62,7,0,5.31,4,0,621,1
29.3,0.0,56,2,3,47.96,5,1,444,0
17.25,0.449,22,5,2,0.5,0,1,645,1
26.43,0.0,98,9,7,44.88,13,0,388,0
15.92,0.0,143,1,1,30.15,22,0,804,1
10.49,0.2697,148,6,3,15.16,3,1,425,0
1.0,0.0,182,1,0,11.49,6,0,552,0
13.32,0.0,0,2,2,26.3,24,0,516,0
17.54,0.0706,66,1,4,6.05,0,0,745,1
7.06,0.0,21,6,2,33.88,27,0,736,1
1.0,0.0011,52,3,1,16.85,20,0,600,0
1.0,0.0,137,4,1,20.76,6,0,551,0
13.16,0.0,157,5,1,23.36,13,1,607,0
26.35,0.0,70,3,3,15.82,9,0,617,0
33.28,0.0,216,0,3,28.48,3,1,738,1
20.49,0.0,62,2,4,35.69,23,0,300,0
1.0,0.3405,0,2,2,25.16,24,0,900,1
12.66,0.0,113,2,1,16.28,12,0,544,0
26.31,0.6858,0,5,0,0.5,4,0,828,1
19.84,0.8425,29,1,2,0.5,0,0,836,1
7.96,0.0,108,2,2,33.55,13,0,739,1
19.08,0.0,112,5,2,0.5,26,0,666,1
1.0,0.0,169,4,1,1.66,27,0,769,0
4.49,0.2008,67,1,1,12.95,7,0,680,1
2.9,0.0801,100,1,0,18.18,16,1,638,1
20.02,0.0063,67,0,0,0.5,15,0,665,0
22.62,0.0,51,4,0,2.7,7,0,900,1
9.45,0.3991,205,5,0,2.16,14,1,622,0
6.36,0.7275,57,1,1,0.5,4,0,876,1
9.8,0.0,163,5,4,29.19,7,1,611,0
9.78,1.0,124,6,0,0.5,0,0,857,1
18.34,0.4386,68,2,1,0.5,7,0,806,1
8.61,0.1032,15,3,1,15.39,21,0,753,0
21.1,0.0943,0,6,3,11.49,5,0,816,1
29.24,0.0,119,5,1,15.85,24,0,699,0
3.46,0.0,92,3,0,19.81,11,0,669,0
39.09,0.0,59,3,4,31.57,4,1,475,0
1.0,0.3352,117,6,0,14.39,12,0,680,1
27.98,0.0,76,2,2,24.07,8,0,721,0
1.0,0.0,97,7,1,7.64,26,1,338,0
10.54,0.0,69,1,4,22.51,6,0,778,0
11.5,0.0,14,3,0,16.23,10,0,726,1
31.21,0.0,9,2,0,45.7,17,0,742,1
8.15,0.4761,130,7,3,0.5,0,1,549,1
1.0,0.753,83,0,1,0.5,2,0,834,1
36.9,0.0,67,3,3,44.36,12,1,505,0
32.24,0.0,0,2,3,13.76,1,1,663,1
1.0,0.0,13,1,5,36.15,15,0,832,0
37.77,0.0,38,3,1,19.88,10,1,358,0
14.02,0.4445,12,3,0,4.98,20,1,805,0
1.72,0.6586,7,3,0,6.07,10,0,887,1
29.01,0.0,93,1,0,27.98,9,1,377,0
7.49,0.0209,55,6,1,16.84,14,0,716,1
14.9,0.432,57,6,1,0.5,8,0,763,1
1.0,0.4084,38,7,2,25.4,19,0,900,1
1.0,0.3142,61,1,0,9.52,22,0,705,1
39.5,0.0,36,2,3,44.24,9,1,354,0
15.7,0.7425,0,3,0,0.5,4,0,800,1
1.0,1.0,172,7,3,0.5,27,0,900,1
18.65,0.1057,123,0,0,0.5,10,0,571,0
21.12,0.507,35,5,1,0.5,0,0,806,1
20.09,0.7554,0,7,0,0.5,7,0,900,1
16.97,0.6771,1,3,1,0.5,0,1,580,1
1.0,0.0136,150,3,3,18.64,4,1,686,0
19.38,0.0,66,3,0,15.51,10,0,900,1
13.59,0.6075,63,3,2,0.5,0,1,671,0
13.6,0.0818,106,1,2,19.35,9,0,735,1
1.44,0.9028,95,2,1,10.87,18,1,804,0
15.28,0.0647,195,1,4,1.98,13,0,593,1
20.0,0.0,62,7,0,37.97,13,0,756,1
1.0,0.0,168,3,2,27.05,14,0,693,0
24.24,0.555,86,7,0,0.5,0,0,757,1
43.59,0.0,23,10,3,24.85,0,0,507,0
22.19,0.0,122,2,2,41.88,14,1,486,0
5.64,0.0,166,3,5,19.4,0,1,591,0
1.0,0.0,149,1,2,19.01,0,0,586,0
22.87,0.0,70,5,1,2.47,12,0,769,0
3.1,0.0,82,2,2,33.64,18,0,441,0
1.0,0.6805,135,4,1,0.5,6,1,461,0
1.0,0.0634,0,0,3,22.39,20,0,655,1
17.68,0.0,105,3,2,27.9,11,0,900,1
4.64,0.0,87,9,6,41.77,9,0,787,0
21.28,0.8498,72,0,1,0.5,0,1,610,1
16.39,0.0,106,7,1,6.52,13,0,622,0
7.12,0.0,158,0,0,0.5,21,0,835,0
7.27,0.0,102,1,4,27.62,10,0,387,0
1.0,0.4634,56,1,0,14.4,21,1,561,0
26.77,0.6467,67,4,2,0.5,0,1,664,0
31.17,0.0,92,5,2,25.59,5,1,516,0
1.0,1.0,68,7,1,5.31,9,1,900,0
11.73,0.0,66,4,2,13.08,7,0,603,0
13.29,0.5623,86,5,0,0.5,1,0,777,1
9.4,0.0,62,4,5,29.67,12,0,643,0
1.0,0.8701,112,4,1,12.71,13,0,733,1
10.47,0.0,97,6,4,46.83,11,0,879,0
16.11,0.7504,94,3,1,0.5,0,1,703,1
14.56,0.0,85,8,1,5.94,12,0,627,0
23.35,0.0,127,2,2,29.05,6,0,820,1
1.0,1.0,57,3,1,10.02,13,1,900,0
7.67,0.0,114,6,1,23.19,8,0,565,0
1.0,0.4978,0,5,0,7.29,11,0,710,1
15.5,0.0,102,0,4,35.8,5,0,560,0
1.26,0.7713,152,7,4,7.59,2,0,875,1
27.41,0.0,111,4,0,10.34,7,0,449,0
32.3,0.0,74,4,2,34.45,15,1,553,0
7.97,0.1629,123,3,6,27.2,5,0,668,0
8.04,0.0,110,6,0,28.51,21,1,788,1
3.17,0.5235,143,4,2,3.24,13,1,591,0
12.16,0.0,128,1,0,14.06,19,1,429,0
8.23,0.098,80,0,0,14.63,10,0,619,1
30.79,0.0,145,8,0,18.84,8,0,376,0
14.83,0.0,105,3,0,3.23,18,0,435,0
1.68,0.0,60,5,2,14.88,15,0,538,0
26.38,0.0845,124,9,1,6.39,4,1,461,0
40.03,0.0,63,1,2,10.5,21,0,589,0
1.0,1.0,47,7,1,9.29,15,0,900,0
2.23,0.0,94,3,2,19.31,17,1,530,0
24.75,0.0,56,0,3,45.67,12,0,627,0
10.49,1.0,61,5,0,0.5,0,1,717,1
17.83,0.2562,179,0,3,25.38,0,0,900,1
26.38,0.6509,0,5,4,0.5,0,0,900,1
13.75,0.0,69,4,1,31.35,14,0,415,0
1.45,0.1933,49,10,1,23.01,17,0,894,1
17.1,0.2642,56,0,0,0.5,5,0,758,1
6.28,0.0,164,5,3,26.52,5,0,429,0
15.5,0.0,0,3,0,22.42,19,0,900,1
1.0,0.4717,150,5,2,1.21,16,1,648,1
3.17,0.4078,127,4,0,0.5,4,0,729,0
1.0,0.0,49,4,2,12.76,14,0,566,0
1.0,0.7698,107,2,4,18.71,13,0,900,1
15.79,0.0888,135,0,0,0.5,14,0,696,0
36.2,0.0,66,3,3,39.83,5,1,364,0
11.35,0.4643,92,3,8,38.81,0,0,798,0
12.3,0.0673,54,7,1,7.38,7,0,900,1
15.95,0.0,155,0,1,21.45,18,0,763,0
16.54,0.0,116,3,2,34.86,14,0,551,0
21.41,0.0,80,9,2,18.91,7,0,506,0
25.72,0.0,109,2,2,0.5,21,0,723,0
1.0,0.9251,134,1,1,18.73,2,0,900,1
21.79,0.0,181,4,4,29.93,0,1,650,0
3.23,0.0,171,3,0,11.71,12,0,389,0
40.03,0.0,39,7,0,18.92,16,0,552,0
21.46,0.0,84,6,2,14.74,26,0,652,0
7.21,0.0,67,3,6,20.24,15,1,541,0
9.53,0.0,122,0,2,21.17,11,1,518,0
19.42,0.0,185,3,1,29.09,10,0,300,0
24.28,0.0,109,4,0,4.61,16,0,810,0
20.29,0.0,96,7,2,18.17,13,0,607,0
1.0,0.6155,195,8,4,15.86,7,1,618,0
42.13,0.0,0,1,2,6.53,4,0,875,1
5.23,0.1674,108,6,2,31.07,19,0,900,1
13.04,0.0,37,2,3,25.53,23,0,494,0
1.0,0.3101,153,2,1,10.46,17,0,762,0
13.44,0.2611,141,0,2,6.5,0,0,900,0
18.74,0.1175,94,1,0,0.5,21,0,779,0
10.61,0.2152,10,7,2,17.67,11,0,900,1
9.83,0.2344,171,2,2,27.35,13,0,900,1
14.36,0.2619,86,1,4,26.89,3,1,435,0
31.75,0.0,0,5,2,12.05,3,0,735,1
6.78,0.4401,126,1,2,10.55,10,1,533,0
28.79,0.4314,0,7,3,0.5,2,0,900,1
18.35,0.0,79,9,4,17.92,2,0,651,0
4.88,0.7431,106,2,1,0.5,4,0,699,1
14.85,0.1267,132,0,0,0.65,10,0,612,0
26.52,0.0,99,3,3,44.1,13,0,685,0
26.52,0.0,209,4,1,24.42,6,0,300,0
1.0,0.7488,0,8,1,5.83,8,0,843,1
32.74,0.0,61,0,2,24.65,11,0,587,0
1.0,0.7417,61,4,0,1.96,14,0,708,1
19.48,0.5189,82,1,0,0.5,0,0,719,0
5.01,0.9191,53,4,0,0.5,5,0,900,1
9.2,0.3343,155,0,1,0.5,0,1,490,1
1.0,0.0,69,6,3,32.11,13,0,512,0
25.24,0.0,104,4,1,37.36,14,0,859,1
29.18,0.411,0,2,1,0.5,3,0,900,1
1.0,0.3326,99,5,2,12.64,14,0,662,0
10.51,0.0,81,0,0,1.9,13,0,486,0
26.95,0.7967,58,6,1,0.5,0,1,620,1
1.0,0.3977,165,4,3,27.67,12,1,653,0
1.0,1.0,126,0,3,0.5,3,0,834,1
1.0,0.6488,221,6,4,0.5,9,0,537,1
19.88,0.0,98,4,2,9.24,26,1,328,0
37.4,0.0,38,3,2,23.78,7,0,579,0
1.0,0.0,113,0,3,21.72,14,0,541,0
1.0,0.6337,101,6,2,2.55,16,0,900,1
3.09,0.8257,179,6,5,3.85,6,0,900,1
3.05,0.2823,82,9,1,25.97,7,1,797,1
1.0,0.3686,84,11,1,20.47,16,1,634,0
5.31,0.0,164,2,2,27.64,17,0,825,0
9.67,0.0,113,2,5,38.76,4,0,640,0
27.14,0.0,160,7,0,37.05,12,1,792,1
1.17,0.7025,110,1,3,0.5,0,0,519,1
2.55,0.0,177,1,1,13.08,12,0,364,0
1.61,0.5224,58,1,3,16.82,6,0,900,1
1.0,0.2371,46,3,0,9.99,15,0,573,1
12.07,0.6334,44,1,0,0.5,2,0,694,0
1.0,1.0,211,0,5,0.5,14,0,900,1
10.27,0.1583,122,6,1,13.99,11,1,503,0
3.46,0.0,108,0,0,23.6,18,0,392,0
1.0,0.0,190,4,0,18.92,7,0,363,0
1.0,0.0,0,3,4,29.16,15,0,730,0
1.0,0.5818,122,5,1,23.05,14,0,900,1
25.65,0.0,134,5,1,29.24,2,1,705,1
1.0,0.0,42,0,0,29.87,24,0,561,0
7.31,0.6317,88,8,0,0.5,1,1,581,1
1.0,0.1827,127,0,1,29.16,10,1,777,0
23.28,0.0,69,4,3,37.08,8,1,513,0
36.99,0.02,8,10,2,1.49,0,0,813,1
10.67,0.0,102,6,3,22.31,12,0,650,0
24.33,0.0,81,3,0,6.12,20,0,843,0
11.35,0.0918,113,2,4,24.68,3,0,580,0
3.4,0.0,90,8,2,10.08,10,0,643,0
23.16,0.0,95,8,2,36.33,11,0,609,0
38.23,0.0,66,0,1,29.22,16,0,685,0
21.43,0.0,84,6,0,18.8,2,1,541,1
1.0,0.2286,152,5,1,18.16,18,1,583,0
20.01,0.0552,83,5,2,12.26,0,0,529,0
5.98,0.1575,105,3,4,15.58,4,0,671,0
1.0,0.0946,97,1,1,18.82,13,1,483,1
18.4,0.0,109,5,1,38.54,24,1,623,1
11.76,0.0,75,5,4,17.33,10,0,599,0
1.0,0.4024,124,0,0,27.7,11,1,900,1
1.0,1.0,0,0,3,0.5,28,0,900,1
33.11,0.1124,0,0,2,10.39,6,0,900,1
21.88,0.0,38,12,1,0.5,11,0,538,0
22.13,0.8063,0,6,1,0.5,1,1,748,1
1.0,0.5046,36,1,2,0.5,7,0,444,1
1.0,0.0,210,5,0,37.87,11,0,440,0
4.08,0.3368,139,0,1,37.07,11,0,900,1
34.09,0.0,80,4,3,0.5,22,0,657,0
21.65,0.0,97,5,1,16.54,9,0,592,0
12.62,0.0,76,0,0,21.89,11,0,667,1
15.07,0.0,16,2,1,16.59,21,0,597,0
41.3,0.0,0,5,2,21.29,10,0,900,1
1.0,0.0,84,1,2,24.47,16,0,512,0
11.78,0.3477,160,0,4,21.51,2,1,538,0
1.0,1.0,94,2,5,4.09,22,1,682,0
19.03,0.2366,48,6,3,0.5,0,0,812,1
21.0,0.3379,0,2,5,11.64,2,0,900,1
14.69,0.102,106,4,3,15.99,6,0,596,0
1.0,0.0,189,5,1,12.25,4,0,449,0
23.36,0.0,132,9,0,10.85,13,1,564,0
19.94,0.0,61,4,0,12.54,17,0,566,0
17.11,0.0081,0,1,1,13.95,8,0,866,1
10.08,0.0525,99,1,0,0.5,11,0,573,0
19.63,0.0,47,6,1,48.17,15,0,835,1
3.11,0.004,168,6,4,24.2,15,0,840,0
10.14,0.2807,187,4,2,17.93,7,1,764,1
11.07,0.9142,24,0,1,0.5,6,0,877,1
35.14,0.4819,0,6,4,0.5,0,0,855,1
22.71,0.0689,127,4,4,22.61,4,1,663,0
26.02,0.0,52,4,3,36.12,17,0,723,0
16.4,0.0,158,9,2,10.6,1,0,615,0
1.0,0.0029,0,1,1,6.61,31,0,397,0
1.0,0.2804,69,4,3,14.52,28,1,453,0
1.0,0.0,50,7,1,17.89,24,0,430,0
45.47,0.0,0,8,0,19.85,11,0,404,0
2.52,0.0,110,0,0,21.95,11,0,674,1
1.0,0.7121,125,0,2,3.09,2,0,727,1
21.66,0.1331,49,4,2,0.5,0,0,791,1
20.03,0.6495,36,9,0,0.5,3,0,900,1
8.88,0.0,48,6,1,19.42,21,0,439,0
1.0,0.2482,158,3,2,7.95,2,0,732,0
1.0,0.9952,169,4,6,12.87,0,1,665,0
23.71,0.0,120,3,2,17.37,7,1,618,0
7.24,0.0,86,9,1,17.04,13,0,399,0
1.0,0.6154,140,7,3,11.18,10,0,885,1
31.88,0.2568,74,8,3,0.5,0,1,652,1
12.3,0.0,99,5,0,19.42,14,1,373,0
20.46,0.1132,142,6,0,0.5,12,1,573,0
8.43,0.0,58,5,3,31.06,24,0,336,0
14.41,0.0,0,1,1,34.02,14,0,685,1
16.65,0.5857,8,1,2,0.5,0,1,559,1
6.32,0.0,49,5,1,39.8,29,0,823,1
30.61,0.0,0,1,0,18.52,15,0,766,1
1.0,0.0,45,3,0,21.55,22,0,439,0
33.41,0.0,0,5,0,13.96,7,0,746,1
6.72,0.0,157,7,2,17.16,0,0,590,0
7.46,0.4382,197,0,4,9.75,13,0,889,1
1.0,0.4682,35,0,0,30.19,8,0,900,1
8.01,0.3453,188,3,4,28.39,14,0,900,1
14.67,0.0,122,2,4,25.99,10,0,358,0
1.0,0.0,86,3,2,37.57,16,0,597,0
4.85,0.0,123,1,0,19.81,9,0,675,1
6.46,0.1356,85,2,1,3.38,10,0,418,1
18.57,0.0,125,2,4,26.94,1,0,616,0
15.01,0.1897,64,2,0,17.66,0,0,627,1
16.79,0.0,103,1,1,17.08,23,0,550,1
34.62,0.0,80,3,1,38.44,18,0,773,0
23.47,0.8534,0,0,2,0.5,0,0,900,1
4.82,0.0,56,8,2,12.11,14,0,386,0
1.0,0.0,152,2,5,40.87,5,0,480,0
15.78,0.0061,210,7,3,11.26,16,1,653,1
1.0,0.135,142,6,1,21.69,6,0,738,0
37.7,0.0,76,7,4,0.5,24,1,399,0
30.61,0.0,63,5,0,32.35,10,1,396,1
30.25,0.3964,0,5,3,0.5,0,0,900,1
16.95,0.0,12,2,4,37.19,26,0,484,0
1.0,0.2708,73,4,1,17.34,9,0,787,1
24.18,0.0,115,0,3,33.98,9,1,438,0
24.88,0.0,10,0,2,13.61,11,0,643,0
23.31,0.4496,8,4,0,0.5,5,0,900,1
27.47,0.0056,0,3,1,5.98,5,0,811,1
1.0,0.0,37,0,3,27.68,23,0,455,0
1.0,0.6643,127,1,4,8.03,2,0,730,0
11.89,0.0156,49,0,0,13.05,10,0,723,1
23.01,0.804,0,8,0,0.5,2,0,736,0
25.76,0.1029,0,4,4,4.94,0,0,699,1
1.0,0.7915,57,4,1,4.52,10,0,797,0
17.86,0.5562,121,0,2,0.5,0,1,584,1
1.56,0.8582,118,1,7,0.5,2,0,784,1
5.48,0.4701,126,7,3,17.32,4,0,900,1
34.26,0.0,27,8,0,19.04,10,0,550,0
8.22,0.0,116,2,1,28.35,17,1,502,0
26.3,0.0,132,3,2,33.35,10,1,512,0
23.0,0.0,115,6,3,4.15,28,0,562,0
27.3,0.0,42,5,0,13.43,10,1,436,0
4.78,0.0,152,4,3,19.06,9,0,804,0
42.16,0.0,0,6,3,4.63,0,0,839,1
4.94,0.9341,135,2,1,0.5,2,0,800,1
10.28,0.0,159,4,3,23.5,5,1,578,0
31.93,0.1955,62,8,2,0.5,0,0,742,1
27.88,0.0,67,1,3,16.57,7,1,466,0
15.34,0.597,6,9,0,0.5,7,0,874,1
8.98,0.0,75,4,3,32.24,12,0,561,0
1.0,0.0,194,4,1,37.61,25,0,803,0
23.58,0.6439,64,2,1,0.5,5,0,900,1
10.77,0.0,118,3,1,0.5,21,0,671,0
1.0,0.7785,179,5,1,10.62,5,1,723,0
41.16,0.0,57,5,3,39.87,6,0,595,0
10.85,0.4518,116,4,0,0.5,6,1,382,0
5.55,0.0,133,6,3,31.21,11,0,306,0
20.85,0.0,50,4,0,19.69,11,0,464,1
31.43,0.0,127,5,0,1.31,18,1,601,0
1.0,0.7254,157,4,0,6.18,2,0,792,0
19.7,0.0,37,5,1,12.55,13,0,739,1
1.0,0.5996,90,4,1,25.09,8,0,900,1
15.32,0.0,81,6,0,28.98,13,0,702,0
10.66,0.0,5,8,2,8.11,31,1,416,0
17.31,0.0,118,4,0,27.93,14,0,507,0
15.44,0.0,138,4,2,30.93,13,0,300,0
1.0,0.2023,16,4,1,16.88,17,0,706,1
9.38,0.0,131,2,1,9.46,13,0,312,0
31.49,0.0,78,9,0,16.39,13,1,467,0
12.0,0.0441,125,3,1,0.5,18,0,637,0
1.0,0.2113,159,2,4,27.95,7,1,634,0
15.69,0.0,76,2,0,15.16,16,1,638,0
24.0,0.2903,0,6,2,10.32,2,1,768,1
8.84,0.9877,109,2,1,0.5,0,1,662,1
12.05,0.2548,37,1,2,11.96,3,1,701,0
21.15,0.4601,5,4,4,0.8,0,0,868,1
25.94,0.0,104,6,4,36.02,3,1,489,0
14.74,0.164,86,7,1,13.4,0,0,625,1
23.87,0.0,45,4,3,19.16,1,0,492,0
12.78,0.2286,3,0,1,12.84,27,0,762,0
16.29,0.0,90,4,4,30.92,8,0,562,0
14.12,0.0,52,0,0,14.23,16,1,430,1
2.24,0.161,56,6,2,9.73,25,0,747,0
40.27,0.0,0,4,0,10.44,12,0,900,1
32.13,0.0,116,1,5,8.44,4,0,633,0
20.33,0.0,103,0,0,1.66,16,0,603,0
20.45,0.4708,74,5,5,14.91,3,1,900,0
23.03,0.0119,30,6,3,11.86,2,0,764,1
25.85,0.4618,31,2,3,0.5,0,0,837,1
10.85,0.1792,11,5,1,7.55,7,0,806,1
2.48,0.1195,85,7,0,16.85,17,0,704,1
5.03,0.0,161,3,0,32.12,13,1,411,0
17.13,0.146,0,6,1,9.32,7,0,770,1
1.0,1.0,121,0,4,5.71,11,0,900,1
1.0,0.2762,105,4,3,16.46,6,0,674,0
29.88,0.0,24,0,1,10.94,17,0,602,0
3.71,0.0718,86,10,1,12.75,11,0,671,0
7.12,0.0,124,0,1,12.1,16,0,681,0
8.95,0.5934,62,5,0,2.17,6,0,843,1
1.0,0.7137,141,4,3,0.5,17,0,686,1
11.58,0.2874,105,3,1,0.5,17,0,620,0
1.0,0.0,120,5,4,23.98,7,1,665,1
15.62,0.5589,81,5,0,0.5,3,0,757,1
7.03,0.6166,117,1,2,0.5,8,1,571,0
15.87,0.0321,71,7,0,10.21,7,0,596,1
19.61,0.0,79,11,4,43.21,9,0,646,0
6.83,0.0,46,6,1,6.14,10,0,757,0
6.36,0.0,195,3,1,7.67,0,0,361,0
1.0,0.0931,133,8,5,27.77,6,0,633,0
1.0,0.0,85,4,3,19.83,15,0,560,0
1.0,0.4823,131,6,4,0.5,24,0,773,1
33.45,0.1922,0,0,1,2.26,1,0,693,1
1.0,0.0,146,2,2,27.02,8,0,485,0
14.53,0.0,64,5,4,29.38,6,0,505,0
6.31,0.7828,44,3,0,0.5,4,0,732,1
16.32,0.0,0,6,1,15.18,0,0,312,1
10.23,0.0,0,1,2,22.21,11,0,867,1
9.63,0.032,1,6,2,31.01,0,0,676,1
1.0,1.0,22,1,1,10.59,21,1,794,0
31.43,0.0,66,4,4,24.63,4,0,862,0
5.96,0.7542,46,6,2,0.5,1,0,820,1
1.0,0.5694,107,1,3,0.5,21,0,822,1
17.59,0.0,138,6,5,50.27,2,1,514,0
7.41,0.0,100,7,2,33.63,11,0,558,0
37.9,0.0,0,0,7,4.81,0,1,756,1
23.85,0.3325,0,3,2,2.35,3,0,840,1
29.55,0.1182,0,4,0,12.34,12,0,900,1
6.54,0.9761,79,5,0,0.5,0,0,746,0
32.94,0.0,80,7,0,5.19,9,1,562,0
21.22,0.0,59,0,1,15.74,16,0,698,0
9.39,0.0,165,3,0,0.5,17,0,647,0
1.0,0.7099,2,8,2,2.33,0,0,686,1
15.61,0.0,82,8,2,14.39,12,1,537,0
1.0,0.7345,73,0,2,2.38,13,0,728,0
35.26,0.0,69,3,0,3.74,14,0,602,0
24.22,0.0,52,2,4,28.6,16,1,799,0
1.0,0.3223,74,5,1,18.53,17,0,843,1
22.17,0.0,93,1,0,46.54,10,0,900,1
7.6,0.0,0,0,2,38.89,16,0,755,1
26.75,0.0,92,8,3,31.5,7,0,529,0
20.13,0.0602,80,0,0,4.31,7,0,816,1
1.0,0.0104,71,6,3,37.21,20,1,867,1
1.0,0.196,132,0,2,25.52,5,0,833,1
32.27,0.0,44,0,0,12.52,13,0,601,0
13.28,0.0,92,8,0,4.56,15,0,603,0
7.72,0.0,79,7,0,16.02,15,0,564,0
1.0,0.4824,85,9,1,0.5,11,0,656,0
25.76,0.0,96,7,2,7.21,9,1,541,0
3.94,0.0,133,8,0,17.98,14,0,485,0
1.0,0.0,112,2,4,38.64,8,0,600,0
13.69,0.0,118,5,1,6.69,10,0,663,0
1.0,0.256,162,5,2,19.86,3,1,698,1
34.67,0.3387,0,0,0,0.5,2,0,768,1
14.86,0.221,104,2,0,0.5,8,0,842,1
16.64,0.0,68,2,5,26.9,18,0,343,0
20.24,0.6222,121,4,4,0.5,6,0,675,1
14.86,0.0,133,1,0,18.85,20,0,591,0
15.34,0.0,139,3,2,25.14,6,0,660,0
3.62,0.0,175,0,0,1.36,19,0,777,0
1.0,0.0,65,7,1,29.94,29,0,839,1
20.63,0.0,48,4,0,44.62,5,0,833,1
5.46,0.0,53,7,4,30.59,14,0,652,0
13.44,0.0,138,3,3,39.38,13,1,600,0
1.0,0.4663,135,2,2,30.2,26,0,900,1
1.0,0.3834,109,3,1,6.01,16,0,537,0
1.0,0.0,132,7,1,17.05,14,0,780,1
35.56,0.0,67,7,4,34.55,1,1,505,0
24.06,0.0,105,3,1,2.5,21,0,606,0
9.29,0.0,157,5,1,24.15,8,1,429,0
31.85,0.0,106,3,2,22.4,13,0,490,0
6.97,0.0,90,7,0,34.0,16,0,877,1
24.2,0.0,112,6,3,18.48,12,0,452,0
1.0,0.3575,85,4,2,14.52,7,1,466,0
3.98,0.8703,69,5,0,0.5,2,0,747,0
16.12,0.1186,0,0,0,13.75,16,0,900,1
5.68,0.0,79,4,0,26.98,13,0,768,1
6.16,0.1673,96,0,0,22.18,15,1,723,0
1.0,1.0,71,1,2,0.5,11,0,869,1
14.95,0.0,120,1,2,17.06,5,0,519,0
19.63,0.0,73,2,1,28.59,22,0,446,0
1.0,0.0,134,0,5,28.62,6,1,614,0
1.0,0.0,131,3,1,13.5,14,0,505,0
8.87,0.0407,0,5,2,22.58,8,0,840,1
14.53,0.0,133,4,1,31.82,11,0,900,1
17.52,0.0,117,3,3,29.93,9,0,671,0
8.76,0.3785,0,4,4,14.3,2,0,900,1
16.83,0.0,0,6,1,13.63,22,0,442,0
6.1,0.1788,125,9,1,21.77,12,0,845,1
16.3,0.0,156,4,1,28.41,13,1,436,0
34.09,0.0,30,6,0,24.36,17,0,533,0
10.97,0.214,141,6,0,16.88,2,1,661,0
1.0,0.4061,106,11,0,19.0,10,0,731,1
1.0,0.6311,139,3,3,3.59,12,0,735,1
1.0,0.139,41,4,2,7.64,25,0,545,0
15.83,0.0231,81,5,2,23.06,6,0,776,1
19.2,0.0,112,0,1,17.5,11,0,300,0
28.66,0.0,133,6,2,29.17,1,0,688,1
21.94,0.0,1,6,3,43.57,32,0,332,0
9.41,0.0,187,8,3,32.53,9,1,648,0
1.0,0.347,125,1,2,24.63,16,0,900,1
17.09,0.0,13,2,3,14.07,16,0,361,0
7.56,0.0,102,3,3,40.31,12,0,482,0
1.0,0.4262,19,13,3,0.5,14,0,774,0
1.0,0.0696,76,0,1,7.27,16,0,593,0
1.0,0.9455,64,2,0,11.68,18,1,790,0
23.04,0.0,151,2,2,11.34,6,0,526,0
21.98,0.0,124,8,1,26.92,13,1,436,1
29.0,0.2181,57,3,2,0.5,0,0,806,1
17.3,0.0,63,3,0,9.93,14,0,628,0
20.52,0.4841,0,6,2,2.0,2,0,790,1
1.0,0.0,66,0,1,15.53,8,0,549,0
31.04,0.0,246,2,1,32.03,15,1,764,1
5.03,0.0,148,0,0,12.01,10,1,569,0
14.59,0.809,82,5,0,0.5,1,0,833,1
1.0,0.8343,143,4,4,10.43,18,0,900,1
1.0,0.428,103,5,0,5.31,2,0,868,0
21.84,0.0,143,4,2,43.71,9,0,900,1
8.79,0.001,166,4,3,23.81,25,0,900,1
10.32,0.0,136,5,3,0.5,12,0,399,0
1.0,0.2235,41,6,1,21.61,7,0,688,1
11.53,0.0,73,9,4,29.78,14,0,416,0
2.22,0.7074,169,2,5,0.5,8,0,604,1
16.8,0.0,37,4,3,7.92,16,0,535,0
11.88,0.0,129,0,1,13.34,15,0,300,0
1.0,0.1404,84,0,0,24.44,18,0,830,1
17.34,0.0,127,3,0,22.79,18,0,559,0
43.76,0.5327,0,10,2,0.5,0,1,806,1
1.0,0.0,64,4,2,26.93,24,0,358,0
20.61,0.0,73,0,0,32.57,14,0,664,1
8.36,0.0,132,2,2,23.81,5,0,642,0
8.13,0.0,109,0,1,26.61,20,0,865,1
1.0,0.1079,152,7,0,13.41,7,0,659,0
30.92,0.0,63,2,1,23.21,14,0,847,0
19.68,0.0,67,3,0,25.95,20,1,707,0
9.3,0.116,129,7,2,22.97,16,1,628,0
25.49,0.0,95,0,2,31.03,8,0,583,0
11.78,0.0,106,1,5,43.24,0,0,515,0
1.0,0.4613,129,0,3,4.55,1,0,710,0
8.58,0.251,197,6,5,35.53,4,1,677,0
4.27,0.3618,60,8,2,7.61,1,1,300,0
21.62,0.0,0,2,2,19.23,7,0,737,0
14.15,0.1776,168,1,3,12.23,12,0,766,1
1.0,0.3954,46,0,0,17.78,21,0,575,0
1.0,1.0,95,4,0,5.91,13,1,838,0
1.0,0.5611,166,5,2,0.5,8,0,673,0
40.48,0.0,48,3,2,41.65,12,0,599,0
26.25,0.0,57,6,0,0.5,16,0,582,0
1.0,0.0,105,2,0,11.16,14,0,553,0
1.0,0.3294,111,0,0,19.22,19,1,777,1
34.64,0.0,27,4,0,19.74,12,0,455,0
1.0,0.0,119,1,2,18.12,20,0,414,0
21.72,0.101,56,5,5,1.72,0,1,673,1
17.25,0.0,48,0,3,20.87,8,0,867,0
1.0,0.402,173,1,2,16.79,7,0,664,0
1.0,0.6437,81,1,1,11.88,17,1,804,0
36.09,0.0,82,0,0,5.59,11,1,503,1
20.02,0.0,104,4,1,20.76,16,0,726,0
1.25,0.0,64,7,2,21.34,8,0,645,0
1.0,0.8344,90,3,4,13.16,14,0,900,1
11.46,0.1494,55,0,1,20.71,0,0,724,1
12.64,0.3808,70,3,0,0.5,6,0,707,1
1.8,0.181,133,3,0,29.36,18,0,900,1
1.0,0.1391,158,3,3,16.9,0,0,830,0
18.62,0.0,136,0,2,27.65,21,0,747,1
38.17,0.3053,77,0,0,0.5,0,0,795,1
4.68,0.1506,65,7,2,6.49,8,0,719,0
1.0,1.0,107,6,3,0.5,13,0,538,1
1.0,0.0,120,2,0,19.44,22,1,346,0
14.26,0.0,97,0,3,25.74,3,0,841,0
21.9,0.0,96,1,2,26.76,12,0,669,0
19.39,0.0,100,2,3,19.75,12,0,560,0
7.14,0.1894,120,7,4,4.78,0,0,900,0
25.86,0.0,10,4,3,10.32,1,0,812,1
1.0,0.0,58,4,0,18.17,18,0,585,0
12.1,0.0445,99,5,0,4.2,14,1,594,0
1.0,0.4738,78,6,0,14.64,10,0,777,0
13.06,0.0,108,3,0,12.53,23,0,716,0
18.42,0.7264,29,3,0,0.5,2,1,703,1
32.11,0.6762,46,1,0,0.5,0,0,839,1
18.58,0.0,75,3,4,27.04,21,1,309,0
22.41,0.5132,0,4,1,0.5,3,0,731,1
1.0,0.5639,27,3,2,10.05,7,0,877,1
3.36,0.1063,0,5,2,20.74,5,0,662,1
1.0,0.0,22,6,0,20.68,21,0,514,0
17.12,0.0293,0,2,1,30.95,16,0,900,1
43.06,0.0,4,5,0,11.23,11,0,504,0
3.34,0.0,118,8,3,9.05,6,0,533,0
10.88,0.0,118,3,2,42.5,16,0,657,0
1.0,0.1815,163,5,3,31.82,5,1,538,0
35.57,0.0,85,7,0,37.54,23,0,613,0
4.42,0.216,115,1,2,0.5,16,1,473,0
10.4,0.1689,95,0,1,0.5,13,0,542,0
20.02,0.0,46,2,8,38.15,13,0,447,0
11.34,0.0,95,1,1,13.27,13,0,505,1
1.0,0.0,57,7,3,44.33,24,0,375,0
3.1,0.0,98,3,2,14.38,13,1,543,0
1.0,0.9249,188,1,0,0.5,13,0,763,0
22.57,0.0,59,5,0,0.5,14,0,619,0
1.0,0.0,105,2,5,37.53,16,0,349,0
1.0,0.0,64,11,3,36.12,17,0,602,0
1.0,1.0,91,10,2,6.51,13,1,882,0
7.94,0.0,107,3,1,12.83,13,0,434,0
8.16,0.4737,130,0,3,22.57,5,0,900,1
34.49,0.0,6,5,0,30.36,18,0,411,0
52.63,0.3464,23,5,0,0.5,0,0,710,1
9.81,0.1155,86,5,2,10.54,9,0,613,1
5.35,0.3652,121,0,0,18.96,10,1,829,1
14.7,0.0,73,0,0,15.87,9,0,629,1
21.57,0.0,27,4,1,40.41,14,0,676,1
33.09,0.0,86,6,0,3.77,6,0,728,1
26.5,0.2224,27,2,3,0.5,0,0,778,1
1.0,0.0,122,8,1,12.56,14,0,473,0
34.41,0.0416,0,10,3,5.98,3,0,816,0
5.62,0.5334,76,0,0,0.5,8,0,852,1
33.29,0.0,74,3,1,26.8,14,1,544,0
1.0,0.4407,9,6,0,13.41,22,0,783,1
1.0,0.0,135,4,0,0.5,20,0,680,1
12.84,0.2018,192,4,2,12.15,7,1,673,1
28.48,0.0,120,0,3,20.83,10,0,775,0
14.45,0.0,118,4,0,13.95,17,0,653,0
26.98,0.4931,0,0,3,0.5,0,0,841,1
7.97,0.0,155,2,5,24.6,0,1,726,0
1.0,0.8817,154,1,4,6.13,12,0,810,0
23.82,0.555,38,3,1,0.5,9,0,900,1
13.04,0.2614,65,3,4,13.91,3,0,488,0
12.07,0.0,58,4,1,22.3,23,0,360,0
1.0,0.435,71,5,0,12.04,11,0,678,1
1.0,0.319,94,5,1,14.8,15,0,831,1
15.85,0.0,118,2,3,40.24,13,0,530,0
33.32,0.0,92,2,1,25.29,17,0,300,0
47.21,0.0,61,4,0,36.28,16,1,531,0
13.12,0.3478,99,5,0,0.54,2,1,522,1
1.0,0.4712,74,6,1,4.76,14,0,744,0
26.72,0.2152,0,1,1,16.95,10,0,900,1
7.46,0.0449,61,0,0,36.81,6,0,886,1
1.0,0.4493,88,4,3,33.65,13,0,900,1
31.03,0.3641,128,3,5,21.83,0,1,659,0
31.02,0.0,27,2,1,26.63,8,1,300,0
26.24,0.0,108,0,4,31.97,4,0,760,1
29.45,0.0,125,5,0,18.46,16,0,590,0
25.54,0.0,78,6,0,12.73,16,0,495,0
1.0,0.0,0,3,3,24.77,19,0,575,1
25.36,0.0,182,3,4,26.13,0,0,517,0
21.18,0.0867,21,2,0,11.81,7,1,516,1
40.7,0.0,0,4,1,40.94,17,0,900,1
40.26,0.0,53,7,2,40.49,9,0,540,0
20.52,0.0,187,3,4,17.95,0,0,605,0
2.21,0.0,147,4,3,17.43,0,0,532,0
31.43,0.0,58,0,0,15.98,18,0,531,0
1.0,0.0,79,1,3,15.35,11,0,603,0
20.46,0.0,97,8,0,8.61,15,1,570,0
13.33,1.0,65,1,3,0.5,0,1,843,1
1.0,0.192,74,5,0,13.83,13,0,838,1
5.98,0.0,81,6,5,33.36,3,0,563,0
24.7,0.1397,140,9,6,43.04,0,1,633,0
1.0,1.0,70,6,3,14.29,22,1,847,0
3.98,0.0,95,2,1,22.31,12,0,434,0
24.44,0.0,117,4,0,6.8,20,0,667,0
2.11,0.0,24,5,1,29.39,15,0,667,0
22.04,0.0,69,2,2,23.8,5,1,457,1
1.0,0.6551,37,4,2,1.51,18,0,708,1
10.1,0.0,98,5,3,35.45,12,0,586,0
21.6,0.0,66,4,1,20.34,13,1,468,1
7.8,0.1227,64,2,3,18.69,6,0,553,0
14.41,0.6135,19,6,1,0.5,6,0,741,0
7.65,0.7562,119,0,3,0.5,0,1,714,0
34.68,0.0,0,6,0,9.78,7,0,844,1
27.44,0.0,61,3,3,32.4,8,1,551,0
18.3,0.6889,9,5,2,0.5,1,0,841,1
15.02,0.0,53,5,1,47.41,14,0,900,1
1.0,0.503,107,1,2,27.73,18,0,900,0
23.45,0.0,15,8,0,32.11,15,0,559,1
18.35,0.0,81,6,2,10.67,24,1,392,0
1.0,0.9296,218,5,4,5.66,5,0,900,1
35.14,0.0,44,8,1,0.69,16,0,476,0
17.91,0.0,101,5,0,27.62,19,0,351,0
37.1,0.0,95,7,0,12.98,17,1,512,0
15.27,0.0,109,5,0,0.69,15,0,756,0
16.73,0.4723,0,5,0,4.67,12,0,900,1
6.81,0.0451,91,0,3,16.42,19,0,878,1
1.0,0.4085,63,6,0,14.45,31,0,900,1
1.0,0.9791,186,3,3,3.17,14,0,900,1
20.91,0.0,135,1,3,0.5,25,0,683,1
21.9,0.0171,186,4,5,13.06,12,0,787,1
4.92,0.3259,145,5,3,25.9,9,1,511,0
12.1,0.0,96,4,0,21.77,13,0,736,1
23.23,0.6976,1,0,0,0.5,0,1,650,0
42.13,0.0,193,3,1,37.83,0,1,611,1
11.11,0.0,73,6,1,0.5,21,0,768,0
1.0,0.8048,21,3,2,15.85,14,0,900,1
1.0,0.0,154,2,0,5.74,16,0,689,1
17.02,0.0748,0,6,0,24.83,19,0,900,1
1.0,0.2529,68,6,0,18.65,16,0,549,0
7.09,0.0,247,0,0,9.67,0,0,466,0
5.5,0.0,157,2,4,25.15,9,0,708,0
6.27,0.2832,168,2,2,7.31,15,1,668,1
27.08,0.0,63,9,3,28.13,3,0,490,0
5.94,0.5901,255,0,5,30.55,12,0,900,1
4.08,0.0,69,5,1,7.86,16,0,443,0
1.0,0.5962,62,3,1,26.37,2,0,900,1
18.61,0.0,81,0,0,7.05,15,0,842,0
3.9,0.3049,115,3,0,27.17,9,0,900,1
24.18,0.8623,17,2,5,0.5,0,1,876,1
23.69,0.0,44,4,1,44.08,19,0,631,0
11.35,0.5702,216,3,3,24.86,0,1,900,1
4.59,0.4114,97,0,1,18.41,4,0,847,1
8.16,0.3122,153,0,2,7.29,9,0,686,1
19.24,0.0,12,0,1,20.01,15,0,865,1
25.34,0.0,119,3,2,0.5,21,0,566,0
1.0,0.4182,57,2,3,20.09,19,0,900,1
11.19,0.0081,33,0,3,17.92,11,0,863,0
15.27,0.0,38,4,1,3.64,25,0,473,0
24.47,0.0,101,0,2,2.04,22,0,617,0
15.39,0.1726,0,3,0,7.47,8,0,738,0
1.0,0.3934,190,8,3,15.81,10,0,629,0
17.91,0.0,118,6,1,0.5,16,0,696,0
27.02,0.0,0,2,3,6.88,2,0,799,1
30.23,0.0,29,1,0,12.72,7,0,692,1
18.31,0.0,78,4,0,0.5,13,0,544,0
13.87,0.0,89,6,0,0.5,14,0,595,0
32.47,0.0,35,7,1,6.68,9,0,577,0
18.07,0.5384,0,3,1,5.2,8,0,900,1
1.0,0.9031,99,6,5,0.5,15,0,767,1
22.8,0.0152,0,3,1,9.71,14,0,810,0
21.46,0.2091,27,8,3,11.67,18,0,900,1
39.48,0.0,75,4,0,27.94,16,0,544,0
1.0,0.3606,0,0,0,21.39,32,0,589,0
16.94,0.0,100,5,3,21.5,11,0,769,0
14.09,0.035,181,6,0,11.49,4,1,621,0
10.64,0.0,55,0,4,31.34,14,0,603,0
20.3,0.1763,209,6,1,27.4,0,1,797,1
11.82,0.0,0,5,2,4.02,11,0,392,1
14.42,0.4129,39,5,1,0.5,6,0,900,1
14.51,0.048,136,6,2,7.52,12,0,742,0
4.66,0.3542,96,0,2,19.81,8,0,900,1
16.78,0.0,126,4,0,18.94,0,1,536,1
